dataset_id,source,domain,outcome_measure,n_studies,year_median,year_range,I2,tau2,Q,pooled_effect,ci_width,total_n,reference,studies_per_year,avg_n_per_study,log_total_n,sqrt_k,I2_category
Cochrane_Aspirin_MI_2016,cochrane,cardiology,OR,16,2010,15,34.0,0.08,22.73,0.75,0.16,18542,Baigent et al. Lancet 2009,1.0666666666666667,1158.875,9.827793708166928,4.0,moderate
Cochrane_Statins_CVD_2018,cochrane,cardiology,RR,28,2012,20,42.0,0.012,46.55,0.73,0.11,165432,Taylor et al. Cochrane 2018,1.4,5908.285714285715,12.016315513233597,5.291502622129181,moderate
Cochrane_CBT_Depression_2017,cochrane,psychology,SMD,22,2013,12,68.0,0.21,65.63,-0.62,0.24,2542,Cuijpers et al. Cochrane 2017,1.8333333333333333,115.54545454545455,7.8407064517494,4.69041575982343,substantial
Cochrane_Exercise_Diabetes_2019,cochrane,endocrinology,MD,14,2015,10,78.0,1.24,59.09,-0.73,0.38,1893,Umpierre et al. Cochrane 2019,1.4,135.21428571428572,7.545918151209323,3.7416573867739413,high
Cochrane_Antibiotics_Pneumonia_2015,cochrane,infectious_disease,OR,9,2008,18,15.0,0.02,9.41,0.42,0.22,4826,Haider et al. Cochrane 2015,0.5,536.2222222222222,8.481773246184977,3.0,low
BMJ_Antidepressants_2018,bmj,psychiatry,OR,21,2014,8,72.0,0.19,71.43,2.13,0.45,7345,Cipriani et al. BMJ 2018,2.625,349.76190476190476,8.901775088607979,4.58257569495584,substantial
BMJ_Vitamin_D_Fractures_2020,bmj,endocrinology,RR,11,2016,7,28.0,0.03,13.89,0.95,0.14,12534,Bolland et al. BMJ 2020,1.5714285714285714,1139.4545454545455,9.436200230784621,3.3166247903554,moderate
NEJM_Beta_Blockers_2019,nejm,cardiology,HR,19,2011,14,38.0,0.09,29.03,0.76,0.13,23782,Bangalore et al. NEJM 2019,1.3571428571428572,1251.6842105263158,10.076684270997523,4.358898943540674,moderate
Generated_0001,generated,infectious_disease,HR,16,2011,3,0.71,0.0122,14.58,1.624,0.036,44913,Generated from learned patterns,5.333333333333333,2807.0625,10.712482564117947,4.0,low
Generated_0002,generated,psychiatry,MD,5,2015,30,1.55,0.0542,3.6,-2.043,0.08,3266,Generated from learned patterns,0.16666666666666666,653.2,8.09132127353041,2.23606797749979,low
Generated_0003,generated,cardiology,MD,8,2011,10,45.72,0.2476,9.23,-1.814,0.394,628,Generated from learned patterns,0.8,78.5,6.4425401664681985,2.8284271247461903,moderate
Generated_0004,generated,infectious_disease,HR,19,2027,3,78.33,0.2754,99.25,0.647,0.311,614,Generated from learned patterns,6.333333333333333,32.31578947368421,6.419994928147142,4.358898943540674,high
Generated_0005,generated,oncology,OR,14,2017,6,35.46,0.1182,17.11,1.646,0.228,976,Generated from learned patterns,2.3333333333333335,69.71428571428571,6.883462586413092,3.7416573867739413,moderate
Generated_0006,generated,education,RR,92,2006,3,93.49,0.377,1536.95,0.955,0.32,1186,Generated from learned patterns,30.666666666666668,12.891304347826088,7.078341579557671,9.591663046625438,high
Generated_0007,generated,education,HR,18,2014,4,43.3,0.1004,24.77,1.271,0.137,1125,Generated from learned patterns,4.5,62.5,7.025538314638521,4.242640687119285,moderate
Generated_0008,generated,psychology,COR,7,2008,5,34.88,0.652,9.75,-0.006,0.113,1171,Generated from learned patterns,1.4,167.28571428571428,7.065613363597717,2.6457513110645907,moderate
Generated_0009,generated,cardiology,SMD,6,2006,7,6.33,0.0537,5.71,0.571,0.023,72755,Generated from learned patterns,0.8571428571428571,12125.833333333334,11.19485291119438,2.449489742783178,low
Generated_0010,generated,infectious_disease,HR,19,2006,19,34.96,0.0449,29.07,1.121,0.04,14595,Generated from learned patterns,1.0,768.1578947368421,9.588434283288215,4.358898943540674,moderate
Generated_0011,generated,cardiology,SMD,17,2011,4,79.32,0.667,118.44,0.13,0.322,1115,Generated from learned patterns,4.25,65.58823529411765,7.016609683894219,4.123105625617661,high
Generated_0012,generated,psychiatry,MD,5,2004,8,59.89,1.035,6.82,-2.383,0.168,3040,Generated from learned patterns,0.625,608.0,8.019612794400267,2.23606797749979,substantial
Generated_0013,generated,endocrinology,MD,6,2016,18,72.74,1.4946,12.98,1.821,0.332,600,Generated from learned patterns,0.3333333333333333,100.0,6.396929655216146,2.449489742783178,substantial
Generated_0014,generated,cardiology,MD,5,2006,13,13.19,0.2464,5.73,0.654,0.109,3266,Generated from learned patterns,0.38461538461538464,653.2,8.09132127353041,2.23606797749979,low
Generated_0015,generated,endocrinology,SMD,11,2014,3,26.86,0.1751,9.32,-0.428,0.163,738,Generated from learned patterns,3.6666666666666665,67.0909090909091,6.6039438246004725,3.3166247903554,moderate
Generated_0016,generated,psychology,SMD,20,2009,10,31.19,0.1096,27.45,0.034,0.034,26065,Generated from learned patterns,2.0,1303.25,10.168348697202207,4.47213595499958,moderate
Generated_0017,generated,psychiatry,OR,37,2007,8,26.93,0.0755,55.34,0.779,0.086,2233,Generated from learned patterns,4.625,60.351351351351354,7.711101251840158,6.082762530298219,moderate
Generated_0018,generated,oncology,MD,7,2014,3,61.6,0.8101,18.51,-3.098,0.692,100,Generated from learned patterns,2.3333333333333335,14.285714285714286,4.605170185988092,2.6457513110645907,substantial
Generated_0019,generated,gastroenterology,HR,13,2015,3,9.97,0.0436,18.25,0.898,0.023,28726,Generated from learned patterns,4.333333333333333,2209.6923076923076,10.265557914991769,3.605551275463989,low
Generated_0020,generated,endocrinology,RR,5,2011,21,12.45,0.0252,6.66,0.834,0.047,13159,Generated from learned patterns,0.23809523809523808,2631.8,9.48486121415014,2.23606797749979,low
Generated_0021,generated,infectious_disease,MD,17,2012,22,40.18,0.5118,29.33,-1.179,0.511,282,Generated from learned patterns,0.7727272727272727,16.58823529411765,5.641907070938114,4.123105625617661,moderate
Generated_0022,generated,infectious_disease,MD,15,2007,10,48.89,0.6517,24.73,0.361,0.243,1606,Generated from learned patterns,1.5,107.06666666666666,7.381501894506707,3.872983346207417,moderate
Generated_0023,generated,gastroenterology,OR,19,2005,4,26.23,0.0615,32.73,0.835,0.708,241,Generated from learned patterns,4.75,12.68421052631579,5.484796933490655,4.358898943540674,moderate
Generated_0024,generated,endocrinology,SMD,7,2011,16,5.52,0.0439,2.72,-0.192,0.015,45017,Generated from learned patterns,0.4375,6431.0,10.714795475190176,2.6457513110645907,low
Generated_0025,generated,infectious_disease,HR,12,2018,5,13.88,0.098,13.17,0.606,0.17,667,Generated from learned patterns,2.4,55.583333333333336,6.502790045915623,3.4641016151377544,low
Generated_0026,generated,infectious_disease,HR,11,2015,12,40.53,0.073,8.73,1.15,0.462,345,Generated from learned patterns,0.9166666666666666,31.363636363636363,5.84354441703136,3.3166247903554,moderate
Generated_0027,generated,psychology,RR,6,2009,5,71.35,0.1675,23.36,0.597,0.299,470,Generated from learned patterns,1.2,78.33333333333333,6.152732694704104,2.449489742783178,substantial
Generated_0028,generated,endocrinology,OR,7,2010,3,26.82,0.0324,4.65,0.976,0.037,24139,Generated from learned patterns,2.3333333333333335,3448.4285714285716,10.09158406877277,2.6457513110645907,moderate
Generated_0029,generated,cardiology,SMD,30,2001,19,42.4,0.1941,48.31,-0.8,0.179,1522,Generated from learned patterns,1.5789473684210527,50.733333333333334,7.3277805384216315,5.477225575051661,moderate
Generated_0030,generated,cardiology,OR,16,1991,6,86.66,0.8068,128.69,1.47,0.329,831,Generated from learned patterns,2.6666666666666665,51.9375,6.7226297948554485,4.0,high
Generated_0031,generated,oncology,COR,19,2021,18,59.34,0.8927,66.89,0.068,0.491,491,Generated from learned patterns,1.0555555555555556,25.842105263157894,6.19644412779452,4.358898943540674,substantial
Generated_0032,generated,cardiology,MD,11,2002,17,26.53,0.2582,9.98,1.122,0.144,3176,Generated from learned patterns,0.6470588235294118,288.72727272727275,8.063377822367027,3.3166247903554,moderate
Generated_0033,generated,oncology,HR,10,2008,4,1.08,0.0129,11.86,1.465,0.118,1539,Generated from learned patterns,2.5,153.9,7.338888133838879,3.1622776601683795,low
Generated_0034,generated,cardiology,OR,10,2013,7,2.84,0.0194,13.95,1.092,0.044,6000,Generated from learned patterns,1.4285714285714286,600.0,8.699514748210191,3.1622776601683795,low
Generated_0035,generated,psychology,HR,5,2013,3,33.09,0.0482,14.35,1.13,0.746,174,Generated from learned patterns,1.6666666666666667,34.8,5.159055299214529,2.23606797749979,moderate
Generated_0036,generated,education,OR,40,2016,6,43.03,0.0627,79.38,0.959,0.46,216,Generated from learned patterns,6.666666666666667,5.4,5.375278407684165,6.324555320336759,moderate
Generated_0037,generated,rheumatology,SMD,15,2015,13,88.97,0.2501,152.22,0.382,0.985,131,Generated from learned patterns,1.1538461538461537,8.733333333333333,4.875197323201151,3.872983346207417,high
Generated_0038,generated,psychiatry,OR,12,2007,3,6.51,0.0194,9.61,1.652,0.032,36152,Generated from learned patterns,4.0,3012.6666666666665,10.495487551091115,3.4641016151377544,low
Generated_0039,generated,rheumatology,MD,10,2011,8,5.39,0.2195,14.31,-0.652,0.17,741,Generated from learned patterns,1.25,74.1,6.608000625296087,3.1622776601683795,low
Generated_0040,generated,psychiatry,HR,26,2018,4,79.93,0.2201,106.56,1.43,0.767,168,Generated from learned patterns,6.5,6.461538461538462,5.123963979403259,5.0990195135927845,high
Generated_0041,generated,neurology,COR,25,2013,8,2.29,0.0664,22.55,0.249,0.149,907,Generated from learned patterns,3.125,36.28,6.810142450115136,5.0,low
Generated_0042,generated,infectious_disease,HR,6,1996,5,72.8,0.1366,27.16,0.496,0.092,13301,Generated from learned patterns,1.2,2216.8333333333335,9.495594499353297,2.449489742783178,substantial
Generated_0043,generated,neurology,MD,6,2019,11,4.38,0.0914,7.13,-0.779,0.136,702,Generated from learned patterns,0.5454545454545454,117.0,6.553933404025811,2.449489742783178,low
Generated_0044,generated,endocrinology,OR,7,2007,11,12.35,0.0102,5.75,0.935,0.101,3688,Generated from learned patterns,0.6363636363636364,526.8571428571429,8.212839584676484,2.6457513110645907,low
Generated_0045,generated,neurology,COR,5,2007,13,28.13,0.209,2.63,0.045,0.182,659,Generated from learned patterns,0.38461538461538464,131.8,6.490723534502507,2.23606797749979,moderate
Generated_0046,generated,psychiatry,SMD,5,2008,16,44.15,0.2791,22.64,0.975,0.048,53355,Generated from learned patterns,0.3125,10671.0,10.884722973050666,2.23606797749979,moderate
Generated_0047,generated,neurology,OR,12,2008,6,82.19,0.0727,67.0,0.515,0.483,521,Generated from learned patterns,2.0,43.416666666666664,6.255750041753367,3.4641016151377544,high
Generated_0048,generated,psychiatry,OR,5,2022,10,83.92,0.1295,32.26,0.68,0.089,11786,Generated from learned patterns,0.5,2357.2,9.374667665397858,2.23606797749979,high
Generated_0049,generated,oncology,RR,20,2013,12,37.32,0.1717,39.37,0.783,0.076,8165,Generated from learned patterns,1.6666666666666667,408.25,9.007612005404566,4.47213595499958,moderate
Generated_0050,generated,gastroenterology,OR,6,2025,3,45.87,0.3151,11.84,1.161,0.088,6664,Generated from learned patterns,2.0,1110.6666666666667,8.804475183846678,2.449489742783178,moderate
Generated_0051,generated,education,MD,26,2007,7,51.26,0.5928,43.91,1.689,0.407,1630,Generated from learned patterns,3.7142857142857144,62.69230769230769,7.396335293800808,5.0990195135927845,substantial
Generated_0052,generated,cardiology,RR,10,2020,5,78.03,0.1835,42.75,1.467,1.003,111,Generated from learned patterns,2.0,11.1,4.709530201312334,3.1622776601683795,high
Generated_0053,generated,rheumatology,RR,29,2015,6,30.63,0.0752,36.94,2.269,0.111,1677,Generated from learned patterns,4.833333333333333,57.827586206896555,7.424761761823209,5.385164807134504,moderate
Generated_0054,generated,infectious_disease,RR,5,2007,7,78.31,0.341,27.33,1.514,0.322,1139,Generated from learned patterns,0.7142857142857143,227.8,7.037905963447182,2.23606797749979,high
Generated_0055,generated,infectious_disease,OR,27,2013,12,69.49,0.6762,92.65,0.715,0.22,1182,Generated from learned patterns,2.25,43.77777777777778,7.074963197966044,5.196152422706632,substantial
Generated_0056,generated,oncology,COR,6,2011,4,68.28,4.2316,6.84,0.389,0.054,48368,Generated from learned patterns,1.5,8061.333333333333,10.786593717019239,2.449489742783178,substantial
Generated_0057,generated,neurology,HR,14,2019,13,83.7,0.2171,79.63,0.563,0.865,100,Generated from learned patterns,1.0769230769230769,7.142857142857143,4.605170185988092,3.7416573867739413,high
Generated_0058,generated,infectious_disease,MD,8,2001,3,8.98,0.1092,7.98,0.468,0.17,488,Generated from learned patterns,2.6666666666666665,61.0,6.1903154058531475,2.8284271247461903,low
Generated_0059,generated,education,HR,18,2017,6,64.7,0.2197,36.16,0.932,0.158,1678,Generated from learned patterns,3.0,93.22222222222223,7.425357887027151,4.242640687119285,substantial
Generated_0060,generated,psychiatry,COR,8,2015,17,54.37,0.3683,33.47,-0.2,0.154,2089,Generated from learned patterns,0.47058823529411764,261.125,7.644440761556566,2.8284271247461903,substantial
Generated_0061,generated,infectious_disease,SMD,23,2010,3,83.33,0.2306,133.41,0.051,0.283,1630,Generated from learned patterns,7.666666666666667,70.8695652173913,7.396335293800808,4.795831523312719,high
Generated_0062,generated,psychiatry,RR,12,2018,8,88.78,0.2028,110.94,0.703,0.256,2289,Generated from learned patterns,1.5,190.75,7.735870319952567,3.4641016151377544,high
Generated_0063,generated,education,RR,11,2008,11,40.29,0.0822,16.12,0.636,0.045,18976,Generated from learned patterns,1.0,1725.090909090909,9.850930301797453,3.3166247903554,moderate
Generated_0064,generated,psychiatry,COR,13,2011,5,9.07,0.2378,17.94,0.293,0.133,1067,Generated from learned patterns,2.6,82.07692307692308,6.9726062513017535,3.605551275463989,low
Generated_0065,generated,psychiatry,MD,38,2021,7,34.52,0.8091,70.24,2.621,0.277,786,Generated from learned patterns,5.428571428571429,20.68421052631579,6.666956792429207,6.164414002968976,moderate
Generated_0066,generated,endocrinology,SMD,11,2000,4,56.15,0.3454,46.56,-0.828,0.069,10355,Generated from learned patterns,2.75,941.3636363636364,9.245224773829685,3.3166247903554,substantial
Generated_0067,generated,oncology,MD,5,2015,6,10.46,0.1641,8.27,-3.436,0.065,21102,Generated from learned patterns,0.8333333333333334,4220.4,9.957123101702038,2.23606797749979,low
Generated_0068,generated,oncology,COR,9,2019,12,7.67,0.1691,6.72,-0.344,0.081,7403,Generated from learned patterns,0.75,822.5555555555555,8.909640602443098,3.0,low
Generated_0069,generated,cardiology,HR,12,2010,4,59.13,0.1263,40.65,1.31,0.264,2423,Generated from learned patterns,3.0,201.91666666666666,7.792761720816526,3.4641016151377544,substantial
Generated_0070,generated,infectious_disease,RR,15,2019,10,65.88,0.2203,60.96,0.753,0.218,1093,Generated from learned patterns,1.5,72.86666666666666,6.996681488176539,3.872983346207417,substantial
Generated_0071,generated,psychiatry,RR,44,2009,3,45.5,0.2253,69.87,0.9,0.093,4259,Generated from learned patterns,14.666666666666666,96.79545454545455,8.356789669923213,6.6332495807108,moderate
Generated_0072,generated,cardiology,MD,5,2018,6,61.73,4.2577,11.99,-0.746,0.095,14424,Generated from learned patterns,0.8333333333333334,2884.8,9.576648764883153,2.23606797749979,substantial
Generated_0073,generated,gastroenterology,RR,15,2004,3,2.56,0.0076,16.01,0.357,0.044,11725,Generated from learned patterns,5.0,781.6666666666666,9.36947859331448,3.872983346207417,low
Generated_0074,generated,rheumatology,MD,7,2021,3,9.0,0.082,7.09,-0.188,0.02,27379,Generated from learned patterns,2.3333333333333335,3911.285714285714,10.217531575165962,2.6457513110645907,low
Generated_0075,generated,education,SMD,8,2000,4,2.43,0.0315,3.54,-0.756,0.031,33743,Generated from learned patterns,2.0,4217.875,10.426528267381377,2.8284271247461903,low
Generated_0076,generated,cardiology,OR,5,2009,25,46.74,0.1738,18.03,1.232,0.26,2346,Generated from learned patterns,0.2,469.2,7.76046702921342,2.23606797749979,moderate
Generated_0077,generated,oncology,OR,10,2017,9,46.12,0.0917,31.96,1.126,0.059,8078,Generated from learned patterns,1.1111111111111112,807.8,8.996899596123358,3.1622776601683795,moderate
Generated_0078,generated,cardiology,RR,11,2024,8,4.43,0.0122,20.35,1.021,0.042,8742,Generated from learned patterns,1.375,794.7272727272727,9.07589427542326,3.3166247903554,low
Generated_0079,generated,psychology,HR,11,2013,22,77.33,0.2916,54.34,0.852,0.146,3569,Generated from learned patterns,0.5,324.45454545454544,8.18004072349016,3.3166247903554,high
Generated_0080,generated,cardiology,MD,10,2012,16,41.13,0.681,15.03,2.538,0.042,37893,Generated from learned patterns,0.625,3789.3,10.542521677442085,3.1622776601683795,moderate
Generated_0081,generated,infectious_disease,RR,80,2012,5,39.52,0.2174,140.97,0.818,0.178,1754,Generated from learned patterns,16.0,21.925,7.469654172932128,8.94427190999916,moderate
Generated_0082,generated,oncology,COR,10,2015,3,44.18,1.5197,22.2,-0.295,0.162,1560,Generated from learned patterns,3.3333333333333335,156.0,7.352441100243583,3.1622776601683795,moderate
Generated_0083,generated,education,HR,16,2006,4,58.87,0.0953,38.84,0.999,0.682,471,Generated from learned patterns,4.0,29.4375,6.154858094016418,4.0,substantial
Generated_0084,generated,education,RR,26,2014,12,53.25,0.178,64.85,0.721,0.235,1235,Generated from learned patterns,2.1666666666666665,47.5,7.118826249062078,5.0990195135927845,substantial
Generated_0085,generated,cardiology,SMD,6,2010,6,39.81,0.0924,12.94,0.333,0.043,9319,Generated from learned patterns,1.0,1553.1666666666667,9.139810605785655,2.449489742783178,moderate
Generated_0086,generated,gastroenterology,OR,8,2023,11,35.07,0.0668,11.82,0.994,0.028,20797,Generated from learned patterns,0.7272727272727273,2599.625,9.942564024517921,2.8284271247461903,moderate
Generated_0087,generated,rheumatology,MD,14,2017,3,67.08,1.3963,42.56,-1.981,0.568,284,Generated from learned patterns,4.666666666666667,20.285714285714285,5.648974238161206,3.7416573867739413,substantial
Generated_0088,generated,psychology,MD,7,2012,18,56.37,0.9613,11.59,0.451,0.452,292,Generated from learned patterns,0.3888888888888889,41.714285714285715,5.676753802268282,2.6457513110645907,substantial
Generated_0089,generated,rheumatology,MD,11,2005,3,82.75,0.5799,67.57,4.986,0.373,628,Generated from learned patterns,3.6666666666666665,57.09090909090909,6.4425401664681985,3.3166247903554,high
Generated_0090,generated,endocrinology,MD,12,2012,6,82.04,2.1029,53.4,-0.706,0.103,7176,Generated from learned patterns,2.0,598.0,8.878497403738631,3.4641016151377544,high
Generated_0091,generated,education,OR,12,2007,30,1.27,0.021,14.11,1.349,0.076,7105,Generated from learned patterns,0.4,592.0833333333334,8.868554040531201,3.4641016151377544,low
Generated_0092,generated,neurology,HR,5,2015,7,32.97,0.0622,14.14,1.473,0.466,121,Generated from learned patterns,0.7142857142857143,24.2,4.795790545596741,2.23606797749979,moderate
Generated_0093,generated,oncology,HR,11,2003,13,4.78,0.0166,19.64,1.552,0.236,285,Generated from learned patterns,0.8461538461538461,25.90909090909091,5.652489180268651,3.3166247903554,low
Generated_0094,generated,neurology,MD,7,1996,14,34.02,0.819,9.81,-0.349,0.354,232,Generated from learned patterns,0.5,33.142857142857146,5.44673737166631,2.6457513110645907,moderate
Generated_0095,generated,gastroenterology,HR,15,2006,7,92.57,0.2366,197.75,1.794,0.703,100,Generated from learned patterns,2.142857142857143,6.666666666666667,4.605170185988092,3.872983346207417,high
Generated_0096,generated,endocrinology,RR,5,2007,15,36.44,0.0747,8.3,1.246,0.242,728,Generated from learned patterns,0.3333333333333333,145.6,6.590301048196686,2.23606797749979,moderate
Generated_0097,generated,psychiatry,HR,7,2012,24,6.0,0.0479,12.23,0.696,0.123,1282,Generated from learned patterns,0.2916666666666667,183.14285714285714,7.156176637480615,2.6457513110645907,low
Generated_0098,generated,endocrinology,HR,9,2019,12,60.09,0.1413,26.41,1.477,0.07,8055,Generated from learned patterns,0.75,895.0,8.994048295611075,3.0,substantial
Generated_0099,generated,infectious_disease,RR,21,2020,26,62.65,0.15,45.26,0.412,0.123,5534,Generated from learned patterns,0.8076923076923077,263.5238095238095,8.618666160346871,4.58257569495584,substantial
Generated_0100,generated,neurology,HR,13,2011,30,81.19,0.3005,54.41,0.994,0.704,293,Generated from learned patterns,0.43333333333333335,22.53846153846154,5.680172609017068,3.605551275463989,high
Generated_0101,generated,psychology,COR,7,2022,9,4.06,0.1087,13.6,-0.149,0.07,2932,Generated from learned patterns,0.7777777777777778,418.85714285714283,7.983440063006542,2.6457513110645907,low
Generated_0102,generated,gastroenterology,HR,14,2012,4,6.56,0.0388,10.21,0.706,0.092,1383,Generated from learned patterns,3.5,98.78571428571429,7.232010331664759,3.7416573867739413,low
Generated_0103,generated,endocrinology,COR,23,2004,10,63.53,1.387,47.57,-0.332,0.092,10882,Generated from learned patterns,2.3,473.1304347826087,9.294865327045871,4.795831523312719,substantial
Generated_0104,generated,endocrinology,RR,9,2007,3,57.59,0.1058,12.24,1.499,0.119,4374,Generated from learned patterns,3.0,486.0,8.383433201236713,3.0,substantial
Generated_0105,generated,neurology,HR,7,2008,8,65.84,0.2348,19.78,1.53,0.055,18272,Generated from learned patterns,0.875,2610.285714285714,9.813125112455737,2.6457513110645907,substantial
Generated_0106,generated,education,COR,9,2015,5,6.66,0.0778,11.86,0.209,0.389,100,Generated from learned patterns,1.8,11.11111111111111,4.605170185988092,3.0,low
Generated_0107,generated,rheumatology,MD,8,2004,7,83.98,1.342,56.75,3.351,0.123,6471,Generated from learned patterns,1.1428571428571428,808.875,8.775085935057266,2.8284271247461903,high
Generated_0108,generated,psychiatry,HR,13,2008,3,35.58,0.104,20.44,0.811,0.321,221,Generated from learned patterns,4.333333333333333,17.0,5.3981627015177525,3.605551275463989,moderate
Generated_0109,generated,endocrinology,COR,11,2016,13,82.05,1.3972,58.78,0.316,0.629,639,Generated from learned patterns,0.8461538461538461,58.09090909090909,6.459904454377535,3.3166247903554,high
Generated_0110,generated,gastroenterology,COR,5,2005,8,56.2,1.3284,5.92,-0.4,0.337,2061,Generated from learned patterns,0.625,412.2,7.630946580890459,2.23606797749979,substantial
Generated_0111,generated,psychology,HR,12,2014,4,80.1,0.1814,61.3,0.65,0.379,536,Generated from learned patterns,3.0,44.666666666666664,6.284134161070802,3.4641016151377544,high
Generated_0112,generated,endocrinology,HR,6,1994,5,32.57,0.0834,15.17,0.704,0.039,36864,Generated from learned patterns,1.2,6144.0,10.514990744055563,2.449489742783178,moderate
Generated_0113,generated,neurology,COR,7,2008,9,8.67,0.1575,4.7,0.379,0.198,514,Generated from learned patterns,0.7777777777777778,73.42857142857143,6.2422232654551655,2.6457513110645907,low
Generated_0114,generated,oncology,SMD,7,1999,7,33.64,0.2266,9.05,0.242,0.34,209,Generated from learned patterns,1.0,29.857142857142858,5.342334251964811,2.6457513110645907,moderate
Generated_0115,generated,psychiatry,HR,8,2018,6,81.21,0.1321,45.9,0.674,0.15,3733,Generated from learned patterns,1.3333333333333333,466.625,8.224967478914584,2.8284271247461903,high
Generated_0116,generated,gastroenterology,OR,13,2013,8,55.45,0.2691,52.88,0.656,0.215,1689,Generated from learned patterns,1.625,129.92307692307693,7.4318919168078,3.605551275463989,substantial
Generated_0117,generated,oncology,COR,14,2013,3,31.71,0.4097,26.77,0.252,0.074,9994,Generated from learned patterns,4.666666666666667,713.8571428571429,9.20974019190415,3.7416573867739413,moderate
Generated_0118,generated,neurology,RR,10,2009,4,61.41,0.2001,25.08,1.05,0.604,100,Generated from learned patterns,2.5,10.0,4.605170185988092,3.1622776601683795,substantial
Generated_0119,generated,gastroenterology,COR,24,2005,5,89.22,0.8419,208.06,0.309,0.096,3969,Generated from learned patterns,4.8,165.375,8.286269452783065,4.898979485566356,high
Generated_0120,generated,oncology,SMD,18,2016,8,67.06,0.0973,63.27,-0.094,0.086,4796,Generated from learned patterns,2.25,266.44444444444446,8.475537516147405,4.242640687119285,substantial
Generated_0121,generated,psychology,SMD,10,2014,13,80.94,0.2332,76.14,-0.85,0.163,3800,Generated from learned patterns,0.7692307692307693,380.0,8.242756345714477,3.1622776601683795,high
Generated_0122,generated,psychology,MD,19,2006,5,41.95,1.0402,26.89,-2.452,0.11,5952,Generated from learned patterns,3.8,313.2631578947368,8.691482576512929,4.358898943540674,moderate
Generated_0123,generated,endocrinology,HR,11,2002,5,77.97,0.4194,46.63,0.654,0.219,1884,Generated from learned patterns,2.2,171.27272727272728,7.5411524551363085,3.3166247903554,high
Generated_0124,generated,psychiatry,COR,18,2007,3,42.26,1.0237,32.15,-0.751,0.201,447,Generated from learned patterns,6.0,24.833333333333332,6.102558594613569,4.242640687119285,moderate
Generated_0125,generated,psychiatry,HR,48,2008,30,37.54,0.0503,72.34,0.717,0.336,629,Generated from learned patterns,1.6,13.104166666666666,6.444131256700441,6.928203230275509,moderate
Generated_0126,generated,gastroenterology,OR,13,2019,7,82.97,0.1204,86.42,1.378,0.237,745,Generated from learned patterns,1.8571428571428572,57.30769230769231,6.61338421837956,3.605551275463989,high
Generated_0127,generated,cardiology,MD,19,2015,4,28.5,0.4471,26.46,1.024,0.105,3023,Generated from learned patterns,4.75,159.10526315789474,8.014004994779459,4.358898943540674,moderate
Generated_0128,generated,oncology,SMD,25,2018,6,60.15,0.2683,54.13,-0.017,0.166,1859,Generated from learned patterns,4.166666666666667,74.36,7.527793987721444,5.0,substantial
Generated_0129,generated,education,HR,11,2000,8,35.87,0.2501,12.57,1.35,0.268,387,Generated from learned patterns,1.375,35.18181818181818,5.958424693029782,3.3166247903554,moderate
Generated_0130,generated,psychiatry,SMD,28,2010,3,73.19,0.1813,97.98,-0.482,0.286,639,Generated from learned patterns,9.333333333333334,22.821428571428573,6.459904454377535,5.291502622129181,substantial
Generated_0131,generated,psychiatry,SMD,12,2011,18,66.91,0.2917,39.25,-0.057,0.258,856,Generated from learned patterns,0.6666666666666666,71.33333333333333,6.752270376141742,3.4641016151377544,substantial
Generated_0132,generated,psychiatry,RR,11,2016,4,37.97,0.0283,10.88,0.641,0.221,929,Generated from learned patterns,2.75,84.45454545454545,6.834108738813838,3.3166247903554,moderate
Generated_0133,generated,cardiology,HR,6,2013,7,38.42,0.1391,13.19,2.041,0.118,3280,Generated from learned patterns,0.8571428571428571,546.6666666666666,8.09559870137819,2.449489742783178,moderate
Generated_0134,generated,neurology,SMD,17,2008,9,83.76,0.2261,120.05,-0.095,0.768,306,Generated from learned patterns,1.8888888888888888,18.0,5.723585101952381,4.123105625617661,high
Generated_0135,generated,endocrinology,OR,8,2014,10,6.87,0.0194,8.23,0.734,0.096,2716,Generated from learned patterns,0.8,339.5,7.906915488678587,2.8284271247461903,low
Generated_0136,generated,neurology,COR,7,2012,3,43.67,2.7412,10.5,-0.016,0.068,12002,Generated from learned patterns,2.3333333333333335,1714.5714285714287,9.392828581549459,2.6457513110645907,moderate
Generated_0137,generated,neurology,HR,16,2015,8,2.62,0.0238,11.4,0.934,0.159,1787,Generated from learned patterns,2.0,111.6875,7.488293515159428,4.0,low
Generated_0138,generated,oncology,OR,28,2019,3,83.87,0.3157,182.69,1.071,0.287,648,Generated from learned patterns,9.333333333333334,23.142857142857142,6.473890696352274,5.291502622129181,high
Generated_0139,generated,cardiology,MD,18,2019,4,29.46,0.6223,13.93,3.45,0.14,2891,Generated from learned patterns,4.5,160.61111111111111,7.969357742016346,4.242640687119285,moderate
Generated_0140,generated,cardiology,RR,15,2016,11,5.0,0.0348,11.92,1.261,0.055,7378,Generated from learned patterns,1.3636363636363635,491.8666666666667,8.906257878156621,3.872983346207417,low
Generated_0141,generated,cardiology,OR,10,1999,7,72.37,0.0422,37.1,0.698,0.2,1871,Generated from learned patterns,1.4285714285714286,187.1,7.534228326274089,3.1622776601683795,substantial
Generated_0142,generated,neurology,HR,6,2016,8,41.77,0.0809,7.95,0.704,0.057,14108,Generated from learned patterns,0.75,2351.3333333333335,9.554497291355943,2.449489742783178,moderate
Generated_0143,generated,gastroenterology,RR,21,2005,3,80.64,0.3251,110.07,0.427,0.195,949,Generated from learned patterns,7.0,45.19047619047619,6.855408798609928,4.58257569495584,high
Generated_0144,generated,cardiology,RR,13,2014,7,81.32,0.1961,71.3,1.054,0.241,786,Generated from learned patterns,1.8571428571428572,60.46153846153846,6.666956792429207,3.605551275463989,high
Generated_0145,generated,endocrinology,RR,46,2009,7,32.68,0.0795,71.54,1.731,0.255,421,Generated from learned patterns,6.571428571428571,9.152173913043478,6.042632833682381,6.782329983125268,moderate
Generated_0146,generated,rheumatology,COR,21,2010,11,60.67,1.6434,39.88,-0.27,0.485,362,Generated from learned patterns,1.9090909090909092,17.238095238095237,5.8916442118257715,4.58257569495584,substantial
Generated_0147,generated,psychiatry,HR,10,2015,3,83.23,0.7286,67.89,1.122,0.185,2161,Generated from learned patterns,3.3333333333333335,216.1,7.6783263565068856,3.1622776601683795,high
Generated_0148,generated,neurology,MD,40,2013,4,3.78,0.0608,36.82,-2.413,0.135,614,Generated from learned patterns,10.0,15.35,6.419994928147142,6.324555320336759,low
Generated_0149,generated,psychology,COR,7,2016,25,66.18,1.2553,28.25,-0.142,0.041,28464,Generated from learned patterns,0.28,4066.285714285714,10.256395409905616,2.6457513110645907,substantial
Generated_0150,generated,oncology,RR,14,2015,23,36.52,0.0539,17.6,1.036,0.123,1538,Generated from learned patterns,0.6086956521739131,109.85714285714286,7.338238150065589,3.7416573867739413,moderate
Generated_0151,generated,endocrinology,MD,15,2020,22,41.41,0.7916,29.57,-1.67,0.633,394,Generated from learned patterns,0.6818181818181818,26.266666666666666,5.976350909297934,3.872983346207417,moderate
Generated_0152,generated,education,HR,5,2013,7,79.68,0.3603,25.22,1.021,0.181,3353,Generated from learned patterns,0.7142857142857143,670.6,8.117610746466228,2.23606797749979,high
Generated_0153,generated,rheumatology,OR,5,2015,7,48.21,0.1615,9.07,0.875,0.089,2974,Generated from learned patterns,0.7142857142857143,594.8,7.9976631270201,2.23606797749979,moderate
Generated_0154,generated,cardiology,SMD,6,2016,3,56.62,0.3358,12.13,-0.625,0.147,3672,Generated from learned patterns,2.0,612.0,8.20849175174038,2.449489742783178,substantial
Generated_0155,generated,infectious_disease,SMD,20,2009,4,49.16,0.2077,33.05,0.622,0.173,529,Generated from learned patterns,5.0,26.45,6.270988431858299,4.47213595499958,moderate
Generated_0156,generated,cardiology,RR,23,2010,4,85.79,0.287,193.67,1.311,0.103,5536,Generated from learned patterns,5.75,240.69565217391303,8.619027497297505,4.795831523312719,high
Generated_0157,generated,gastroenterology,RR,10,2005,6,63.54,0.1011,11.87,0.98,0.079,7204,Generated from learned patterns,1.6666666666666667,720.4,8.882391706295847,3.1622776601683795,substantial
Generated_0158,generated,oncology,HR,21,2016,17,37.38,0.0811,38.79,0.325,0.421,125,Generated from learned patterns,1.2352941176470589,5.9523809523809526,4.8283137373023015,4.58257569495584,moderate
Generated_0159,generated,psychiatry,SMD,6,2018,3,71.75,0.1935,12.94,-0.232,0.304,355,Generated from learned patterns,2.0,59.166666666666664,5.872117789475416,2.449489742783178,substantial
Generated_0160,generated,gastroenterology,RR,13,2007,10,85.09,0.105,99.95,1.248,0.275,3386,Generated from learned patterns,1.3,260.46153846153845,8.12740456269308,3.605551275463989,high
Generated_0161,generated,neurology,OR,78,2018,14,64.29,0.2395,206.32,0.583,0.137,6149,Generated from learned patterns,5.571428571428571,78.83333333333333,8.724044745953469,8.831760866327848,substantial
Generated_0162,generated,gastroenterology,OR,21,2010,3,83.13,0.2531,141.55,1.046,0.883,100,Generated from learned patterns,7.0,4.761904761904762,4.605170185988092,4.58257569495584,high
Generated_0163,generated,rheumatology,OR,70,2025,28,33.31,0.1046,84.23,1.358,0.447,125,Generated from learned patterns,2.5,1.7857142857142858,4.8283137373023015,8.366600265340756,moderate
Generated_0164,generated,infectious_disease,SMD,12,2003,11,3.74,0.0184,17.41,-0.093,0.125,1003,Generated from learned patterns,1.0909090909090908,83.58333333333333,6.910750787961936,3.4641016151377544,low
Generated_0165,generated,oncology,OR,5,2005,17,78.07,0.4233,33.87,0.742,0.167,1431,Generated from learned patterns,0.29411764705882354,286.2,7.266128779556451,2.23606797749979,high
Generated_0166,generated,education,OR,6,2004,7,65.53,0.0757,16.26,0.507,0.079,17507,Generated from learned patterns,0.8571428571428571,2917.8333333333335,9.770356079932933,2.449489742783178,substantial
Generated_0167,generated,rheumatology,RR,5,2007,8,68.32,0.2737,22.65,1.357,0.202,796,Generated from learned patterns,0.625,159.2,6.679599185844383,2.23606797749979,substantial
Generated_0168,generated,oncology,HR,7,2024,3,7.75,0.0271,10.14,1.622,0.431,207,Generated from learned patterns,2.3333333333333335,29.571428571428573,5.332718793265369,2.6457513110645907,low
Generated_0169,generated,education,RR,6,2006,16,82.09,0.1004,25.67,1.173,0.117,3057,Generated from learned patterns,0.375,509.5,8.025189321890835,2.449489742783178,high
Generated_0170,generated,education,OR,5,2008,8,82.23,0.1161,28.62,1.795,0.172,3825,Generated from learned patterns,0.625,765.0,8.249313746260636,2.23606797749979,high
Generated_0171,generated,rheumatology,SMD,10,2001,9,54.42,0.1633,17.56,0.86,0.11,6096,Generated from learned patterns,1.1111111111111112,609.6,8.715388097366482,3.1622776601683795,substantial
Generated_0172,generated,oncology,RR,13,2020,7,66.73,0.1741,47.64,0.605,0.612,260,Generated from learned patterns,1.8571428571428572,20.0,5.560681631015528,3.605551275463989,substantial
Generated_0173,generated,endocrinology,HR,11,2016,9,9.81,0.0229,3.99,1.12,0.092,4255,Generated from learned patterns,1.2222222222222223,386.8181818181818,8.355850041007475,3.3166247903554,low
Generated_0174,generated,gastroenterology,COR,16,2005,3,79.64,0.4268,82.59,-0.094,0.124,5226,Generated from learned patterns,5.333333333333333,326.625,8.561401446080557,4.0,high
Generated_0175,generated,psychiatry,COR,13,2024,3,2.51,0.0757,13.24,0.523,0.065,3679,Generated from learned patterns,4.333333333333333,283.0,8.210396255104774,3.605551275463989,low
Generated_0176,generated,psychiatry,MD,5,2010,5,2.17,0.0556,4.33,0.445,0.251,469,Generated from learned patterns,1.0,93.8,6.150602768446279,2.23606797749979,low
Generated_0177,generated,infectious_disease,RR,19,2012,3,60.14,0.1014,38.84,0.769,0.072,8290,Generated from learned patterns,6.333333333333333,436.3157894736842,9.022805248129341,4.358898943540674,substantial
Generated_0178,generated,cardiology,SMD,5,2012,3,54.24,0.1359,6.05,0.419,0.234,1153,Generated from learned patterns,1.6666666666666667,230.6,7.050122520269059,2.23606797749979,substantial
Generated_0179,generated,cardiology,HR,34,2014,9,60.05,0.138,74.47,0.882,0.699,100,Generated from learned patterns,3.7777777777777777,2.9411764705882355,4.605170185988092,5.830951894845301,substantial
Generated_0180,generated,psychology,MD,21,2012,16,39.46,0.4824,40.17,2.98,0.103,1711,Generated from learned patterns,1.3125,81.47619047619048,7.444833273892193,4.58257569495584,moderate
Generated_0181,generated,education,SMD,5,2010,11,38.43,0.13,13.15,1.375,0.171,2903,Generated from learned patterns,0.45454545454545453,580.6,7.97349996402463,2.23606797749979,moderate
Generated_0182,generated,psychiatry,HR,19,2016,3,33.86,0.0671,40.57,0.784,0.074,19284,Generated from learned patterns,6.333333333333333,1014.9473684210526,9.867031015525512,4.358898943540674,moderate
Generated_0183,generated,education,HR,14,2006,14,1.54,0.0128,9.35,1.661,0.253,702,Generated from learned patterns,1.0,50.142857142857146,6.553933404025811,3.7416573867739413,low
Generated_0184,generated,rheumatology,OR,17,2012,7,46.02,0.1775,37.97,0.553,0.586,214,Generated from learned patterns,2.4285714285714284,12.588235294117647,5.365976015021851,4.123105625617661,moderate
Generated_0185,generated,rheumatology,MD,19,2016,13,31.38,0.4702,34.89,0.712,0.133,976,Generated from learned patterns,1.4615384615384615,51.36842105263158,6.883462586413092,4.358898943540674,moderate
Generated_0186,generated,infectious_disease,HR,10,2023,4,79.17,0.3501,75.4,0.565,0.177,2568,Generated from learned patterns,2.5,256.8,7.850882664809852,3.1622776601683795,high
Generated_0187,generated,endocrinology,SMD,11,2010,7,2.85,0.04,10.82,-0.554,0.132,1268,Generated from learned patterns,1.5714285714285714,115.27272727272727,7.145196134997171,3.3166247903554,low
Generated_0188,generated,education,SMD,18,2012,7,66.44,0.142,50.88,0.28,0.292,1067,Generated from learned patterns,2.5714285714285716,59.27777777777778,6.9726062513017535,4.242640687119285,substantial
Generated_0189,generated,psychology,COR,20,2011,4,42.2,0.3608,42.97,0.402,0.073,10767,Generated from learned patterns,5.0,538.35,9.284241179815718,4.47213595499958,moderate
Generated_0190,generated,neurology,OR,6,2015,3,77.69,0.313,19.75,3.08,0.048,35617,Generated from learned patterns,2.0,5936.166666666667,10.480578330949756,2.449489742783178,high
Generated_0191,generated,rheumatology,RR,6,2012,12,9.67,0.0317,2.86,1.161,0.429,133,Generated from learned patterns,0.5,22.166666666666668,4.890349128221754,2.449489742783178,low
Generated_0192,generated,endocrinology,OR,13,2013,13,84.75,0.2011,89.12,1.024,0.199,1719,Generated from learned patterns,1.0,132.23076923076923,7.449498005382849,3.605551275463989,high
Generated_0193,generated,oncology,MD,7,2011,3,31.43,0.2837,4.6,-2.6,0.169,1529,Generated from learned patterns,2.3333333333333335,218.42857142857142,7.332369205929062,2.6457513110645907,moderate
Generated_0194,generated,rheumatology,COR,14,2000,6,7.43,0.1629,13.95,-0.533,0.025,13739,Generated from learned patterns,2.3333333333333335,981.3571428571429,9.527993782923948,3.7416573867739413,low
Generated_0195,generated,psychology,RR,9,2006,3,29.93,0.1811,14.03,0.911,0.196,804,Generated from learned patterns,3.0,89.33333333333333,6.6895992691789665,3.0,moderate
Generated_0196,generated,rheumatology,SMD,43,2009,4,67.68,0.297,155.5,0.549,0.148,2969,Generated from learned patterns,10.75,69.04651162790698,7.99598047476376,6.557438524302,substantial
Generated_0197,generated,infectious_disease,OR,15,2011,3,3.61,0.029,13.85,1.689,0.103,7653,Generated from learned patterns,5.0,510.2,8.942853006809921,3.872983346207417,low
Generated_0198,generated,psychiatry,RR,25,2008,4,62.21,0.1177,58.04,0.647,0.165,1279,Generated from learned patterns,6.25,51.16,7.153833801578843,5.0,substantial
Generated_0199,generated,cardiology,COR,16,2019,9,2.67,0.1278,16.81,0.223,0.54,148,Generated from learned patterns,1.7777777777777777,9.25,4.997212273764115,4.0,low
Generated_0200,generated,cardiology,COR,27,2015,16,9.27,0.2437,70.49,0.017,0.137,1045,Generated from learned patterns,1.6875,38.7037037037037,6.951772164398911,5.196152422706632,low
Generated_0201,generated,cardiology,MD,25,2010,7,6.74,0.2781,22.77,-1.071,0.182,956,Generated from learned patterns,3.5714285714285716,38.24,6.862757913051401,5.0,low
Generated_0202,generated,endocrinology,HR,7,2016,3,58.76,0.0953,10.23,0.949,0.347,370,Generated from learned patterns,2.3333333333333335,52.857142857142854,5.91350300563827,2.6457513110645907,substantial
Generated_0203,generated,infectious_disease,COR,33,2018,13,56.02,0.6989,64.88,-0.581,0.432,192,Generated from learned patterns,2.5384615384615383,5.818181818181818,5.2574953720277815,5.744562646538029,substantial
Generated_0204,generated,infectious_disease,SMD,9,2012,8,5.32,0.0661,12.91,-0.053,0.361,225,Generated from learned patterns,1.125,25.0,5.41610040220442,3.0,low
Generated_0205,generated,infectious_disease,RR,18,2008,4,85.16,0.2782,108.56,1.356,0.229,1348,Generated from learned patterns,4.5,74.88888888888889,7.206377291472252,4.242640687119285,high
Generated_0206,generated,oncology,COR,6,2012,11,4.72,0.0838,7.14,-0.193,0.057,2539,Generated from learned patterns,0.5454545454545454,423.1666666666667,7.839525581704678,2.449489742783178,low
Generated_0207,generated,rheumatology,OR,27,2012,6,34.99,0.0682,39.01,0.7,0.024,31089,Generated from learned patterns,4.5,1151.4444444444443,10.344609337852328,5.196152422706632,moderate
Generated_0208,generated,oncology,OR,15,2017,21,82.45,0.4787,103.88,0.785,0.217,1047,Generated from learned patterns,0.7142857142857143,69.8,6.953684210870537,3.872983346207417,high
Generated_0209,generated,oncology,MD,19,2012,5,64.78,1.0995,48.4,0.84,0.289,359,Generated from learned patterns,3.8,18.894736842105264,5.883322388488279,4.358898943540674,substantial
Generated_0210,generated,rheumatology,OR,13,2016,6,4.25,0.0292,10.39,0.99,0.371,261,Generated from learned patterns,2.1666666666666665,20.076923076923077,5.564520407322694,3.605551275463989,low
Generated_0211,generated,education,MD,13,2016,3,87.93,0.9351,122.83,2.692,0.751,180,Generated from learned patterns,4.333333333333333,13.846153846153847,5.19295685089021,3.605551275463989,high
Generated_0212,generated,infectious_disease,HR,13,2017,6,72.52,0.2222,51.28,0.449,0.208,1642,Generated from learned patterns,2.1666666666666665,126.3076923076923,7.403670290012373,3.605551275463989,substantial
Generated_0213,generated,oncology,SMD,5,2012,3,78.52,0.6827,23.99,0.816,0.249,3072,Generated from learned patterns,1.6666666666666667,614.4,8.030084094267563,2.23606797749979,high
Generated_0214,generated,gastroenterology,HR,9,2009,6,48.55,0.1575,18.86,0.819,0.194,1815,Generated from learned patterns,1.5,201.66666666666666,7.503840746698951,3.0,moderate
Generated_0215,generated,neurology,MD,20,2007,4,33.02,0.2617,27.85,-2.728,0.091,2714,Generated from learned patterns,5.0,135.7,7.906178840394815,4.47213595499958,moderate
Generated_0216,generated,education,SMD,8,2010,14,71.44,0.8234,34.93,0.555,0.088,6493,Generated from learned patterns,0.5714285714285714,811.625,8.778479952508487,2.8284271247461903,substantial
Generated_0217,generated,education,SMD,6,2015,5,39.54,0.1759,6.59,0.523,0.127,1511,Generated from learned patterns,1.2,251.83333333333334,7.32052696227274,2.449489742783178,moderate
Generated_0218,generated,neurology,COR,28,2001,9,87.04,1.4038,224.41,0.141,0.543,391,Generated from learned patterns,3.111111111111111,13.964285714285714,5.968707559985366,5.291502622129181,high
Generated_0219,generated,endocrinology,RR,8,2011,3,9.24,0.0274,11.18,0.351,0.097,6393,Generated from learned patterns,2.6666666666666665,799.125,8.762958920766726,2.8284271247461903,low
Generated_0220,generated,gastroenterology,MD,14,2022,9,0.79,0.1133,10.46,1.49,0.167,377,Generated from learned patterns,1.5555555555555556,26.928571428571427,5.932245187448011,3.7416573867739413,low
Generated_0221,generated,neurology,OR,5,2009,3,78.24,0.3714,17.5,1.541,0.1,5664,Generated from learned patterns,1.6666666666666667,1132.8,8.641885635373555,2.23606797749979,high
Generated_0222,generated,education,OR,10,2017,26,47.07,0.0499,26.05,0.984,0.236,977,Generated from learned patterns,0.38461538461538464,97.7,6.884486652042782,3.1622776601683795,moderate
Generated_0223,generated,cardiology,SMD,15,2020,9,35.96,0.2563,35.96,0.762,0.055,4891,Generated from learned patterns,1.6666666666666667,326.06666666666666,8.495152060539358,3.872983346207417,moderate
Generated_0224,generated,rheumatology,MD,36,2007,12,64.51,0.621,96.75,-4.23,0.356,374,Generated from learned patterns,3.0,10.38888888888889,5.924255797414532,6.0,substantial
Generated_0225,generated,psychology,RR,5,2010,5,38.97,0.0695,8.27,1.317,0.116,2025,Generated from learned patterns,1.0,405.0,7.613324979540639,2.23606797749979,moderate
Generated_0226,generated,endocrinology,RR,12,2013,5,82.18,0.168,50.43,1.108,0.083,6779,Generated from learned patterns,2.4,564.9166666666666,8.821584877430965,3.4641016151377544,high
Generated_0227,generated,gastroenterology,COR,9,2006,16,43.49,0.9705,25.41,-0.197,0.074,4905,Generated from learned patterns,0.5625,545.0,8.498010371999463,3.0,moderate
Generated_0228,generated,psychiatry,COR,27,2012,5,10.14,0.0913,26.92,-0.064,0.077,4503,Generated from learned patterns,5.4,166.77777777777777,8.412499120301572,5.196152422706632,low
Generated_0229,generated,rheumatology,RR,14,2000,5,30.46,0.1276,25.21,1.466,0.385,100,Generated from learned patterns,2.8,7.142857142857143,4.605170185988092,3.7416573867739413,moderate
Generated_0230,generated,gastroenterology,MD,16,2012,6,43.55,1.0,37.95,5.369,0.05,9769,Generated from learned patterns,2.6666666666666665,610.5625,9.186969385652942,4.0,moderate
Generated_0231,generated,psychology,MD,6,2018,10,5.2,0.117,3.68,-3.051,0.089,1744,Generated from learned patterns,0.6,290.6666666666667,7.463936604468925,2.449489742783178,low
Generated_0232,generated,psychiatry,SMD,15,2007,16,62.79,0.2977,31.56,-0.726,0.144,1939,Generated from learned patterns,0.9375,129.26666666666668,7.569927655242652,3.872983346207417,substantial
Generated_0233,generated,psychology,RR,22,2011,18,2.37,0.0157,33.48,1.637,0.085,1804,Generated from learned patterns,1.2222222222222223,82.0,7.4977617006225685,4.69041575982343,low
Generated_0234,generated,psychology,RR,5,2008,9,39.51,0.0846,8.03,0.766,0.183,828,Generated from learned patterns,0.5555555555555556,165.6,6.71901315438526,2.23606797749979,moderate
Generated_0235,generated,infectious_disease,HR,10,2006,3,59.56,0.1728,27.61,2.327,0.044,35708,Generated from learned patterns,3.3333333333333335,3570.8,10.483130032299252,3.1622776601683795,substantial
Generated_0236,generated,rheumatology,SMD,5,2003,3,37.28,0.0753,6.77,0.704,0.115,4419,Generated from learned patterns,1.6666666666666667,883.8,8.39366870513074,2.23606797749979,moderate
Generated_0237,generated,gastroenterology,OR,26,2014,3,1.14,0.0112,28.33,0.991,0.043,10773,Generated from learned patterns,8.666666666666666,414.34615384615387,9.284798282894192,5.0990195135927845,low
Generated_0238,generated,oncology,MD,5,2018,4,56.94,0.4617,13.48,-2.577,0.074,12133,Generated from learned patterns,1.25,2426.6,9.403684292051873,2.23606797749979,substantial
Generated_0239,generated,education,HR,13,2008,3,66.21,0.1382,27.9,1.015,0.079,2204,Generated from learned patterns,4.333333333333333,169.53846153846155,7.698029170272805,3.605551275463989,substantial
Generated_0240,generated,gastroenterology,RR,5,2009,7,6.0,0.0329,4.87,0.971,0.191,311,Generated from learned patterns,0.7142857142857143,62.2,5.739792912179234,2.23606797749979,low
Generated_0241,generated,infectious_disease,OR,9,2012,3,48.85,0.2352,26.34,0.315,0.138,2163,Generated from learned patterns,3.0,240.33333333333334,7.679251425953058,3.0,moderate
Generated_0242,generated,infectious_disease,COR,13,2015,3,1.32,0.1219,9.47,0.44,0.17,1709,Generated from learned patterns,4.333333333333333,131.46153846153845,7.443663683115591,3.605551275463989,low
Generated_0243,generated,education,COR,9,2017,30,61.47,1.5539,17.03,-0.228,0.208,1382,Generated from learned patterns,0.3,153.55555555555554,7.231287004327616,3.0,substantial
Generated_0244,generated,infectious_disease,COR,14,2016,10,85.48,2.6404,80.49,-0.55,0.642,100,Generated from learned patterns,1.4,7.142857142857143,4.605170185988092,3.7416573867739413,high
Generated_0245,generated,cardiology,HR,29,2023,30,69.17,0.2158,114.67,1.157,0.893,235,Generated from learned patterns,0.9666666666666667,8.10344827586207,5.459585514144159,5.385164807134504,substantial
Generated_0246,generated,cardiology,MD,18,2016,5,52.89,1.3862,30.21,1.281,0.574,172,Generated from learned patterns,3.6,9.555555555555555,5.147494476813453,4.242640687119285,substantial
Generated_0247,generated,infectious_disease,SMD,11,2004,13,41.28,0.2076,25.32,0.627,0.036,43514,Generated from learned patterns,0.8461538461538461,3955.818181818182,10.680838004378147,3.3166247903554,moderate
Generated_0248,generated,psychiatry,OR,31,2009,3,38.21,0.0485,70.44,0.931,0.084,2780,Generated from learned patterns,10.333333333333334,89.6774193548387,7.930206206684683,5.5677643628300215,moderate
Generated_0249,generated,neurology,HR,8,2006,18,73.63,0.1193,38.12,0.81,0.091,10655,Generated from learned patterns,0.4444444444444444,1331.875,9.273784544532717,2.8284271247461903,substantial
Generated_0250,generated,neurology,HR,9,2009,3,54.89,0.1498,19.99,1.352,0.079,5646,Generated from learned patterns,3.0,627.3333333333334,8.638702608813434,3.0,substantial
Generated_0251,generated,oncology,MD,19,2018,3,58.5,0.6577,30.23,-1.669,0.275,1180,Generated from learned patterns,6.333333333333333,62.10526315789474,7.07326971745971,4.358898943540674,substantial
Generated_0252,generated,infectious_disease,OR,5,2008,18,79.67,0.1632,22.69,0.805,0.294,639,Generated from learned patterns,0.2777777777777778,127.8,6.459904454377535,2.23606797749979,high
Generated_0253,generated,education,OR,22,2008,12,78.89,0.1175,122.25,0.965,0.536,947,Generated from learned patterns,1.8333333333333333,43.04545454545455,6.853299093186078,4.69041575982343,high
Generated_0254,generated,psychiatry,SMD,9,2007,6,63.08,0.4557,30.24,0.277,0.126,3013,Generated from learned patterns,1.5,334.77777777777777,8.0106915391303,3.0,substantial
Generated_0255,generated,rheumatology,MD,10,2022,10,52.43,1.73,19.64,-1.531,0.119,878,Generated from learned patterns,1.0,87.8,6.777646593635117,3.1622776601683795,substantial
Generated_0256,generated,cardiology,MD,15,2013,4,36.96,0.9948,18.51,0.848,0.12,2977,Generated from learned patterns,3.75,198.46666666666667,7.998671361015776,3.872983346207417,moderate
Generated_0257,generated,psychology,HR,5,2004,3,92.67,0.2292,51.08,1.819,0.088,7433,Generated from learned patterns,1.6666666666666667,1486.6,8.913684824725294,2.23606797749979,high
Generated_0258,generated,oncology,RR,17,2006,9,67.16,0.2501,63.21,0.416,0.197,2449,Generated from learned patterns,1.8888888888888888,144.05882352941177,7.803435056952168,4.123105625617661,substantial
Generated_0259,generated,rheumatology,COR,68,2015,12,69.24,1.8935,223.08,-0.067,0.152,4412,Generated from learned patterns,5.666666666666667,64.88235294117646,8.392083380373393,8.246211251235321,substantial
Generated_0260,generated,rheumatology,COR,7,2019,5,52.2,0.8238,15.33,-0.488,0.213,640,Generated from learned patterns,1.4,91.42857142857143,6.461468176353717,2.6457513110645907,substantial
Generated_0261,generated,education,SMD,26,2012,3,2.09,0.0104,30.55,0.397,0.124,1163,Generated from learned patterns,8.666666666666666,44.73076923076923,7.0587581525186645,5.0990195135927845,low
Generated_0262,generated,oncology,RR,21,2005,3,2.85,0.0329,19.66,0.988,0.081,3628,Generated from learned patterns,7.0,172.76190476190476,8.196436811235028,4.58257569495584,low
Generated_0263,generated,cardiology,MD,10,2008,3,28.61,0.3104,13.52,-3.937,0.345,503,Generated from learned patterns,3.3333333333333335,50.3,6.220590170099739,3.1622776601683795,moderate
Generated_0264,generated,rheumatology,HR,26,2019,5,78.3,0.3496,124.64,0.697,0.32,711,Generated from learned patterns,5.2,27.346153846153847,6.566672429803241,5.0990195135927845,high
Generated_0265,generated,rheumatology,COR,26,2021,6,40.0,0.8525,62.62,0.205,0.075,15549,Generated from learned patterns,4.333333333333333,598.0384615384615,9.651751606857816,5.0990195135927845,moderate
Generated_0266,generated,neurology,HR,15,2006,5,29.03,0.1249,17.51,1.12,0.195,719,Generated from learned patterns,3.0,47.93333333333333,6.577861357721047,3.872983346207417,moderate
Generated_0267,generated,neurology,RR,16,2010,12,9.31,0.0167,14.48,0.66,0.204,342,Generated from learned patterns,1.3333333333333333,21.375,5.834810737062605,4.0,low
Generated_0268,generated,psychology,MD,11,2013,23,46.09,0.3543,22.23,-0.272,0.195,2230,Generated from learned patterns,0.4782608695652174,202.72727272727272,7.709756864454165,3.3166247903554,moderate
Generated_0269,generated,psychology,HR,14,2010,3,78.28,0.1955,42.06,0.848,0.179,5518,Generated from learned patterns,4.666666666666667,394.14285714285717,8.615770754777232,3.7416573867739413,high
Generated_0270,generated,cardiology,SMD,15,2018,6,78.44,0.4554,62.57,-0.065,0.069,10834,Generated from learned patterns,2.5,722.2666666666667,9.290444616217844,3.872983346207417,high
Generated_0271,generated,gastroenterology,MD,39,2009,30,7.32,0.1586,42.12,-1.935,0.407,326,Generated from learned patterns,1.3,8.35897435897436,5.786897381366708,6.244997998398398,low
Generated_0272,generated,cardiology,MD,16,2012,10,69.31,1.0364,38.68,-2.362,0.068,18029,Generated from learned patterns,1.6,1126.8125,9.7997368515422,4.0,substantial
Generated_0273,generated,neurology,SMD,8,2011,12,39.39,0.2562,14.43,0.542,0.093,5856,Generated from learned patterns,0.6666666666666666,732.0,8.675222055641148,2.8284271247461903,moderate
Generated_0274,generated,psychiatry,COR,5,2014,5,56.89,1.3053,11.67,-0.55,0.243,1272,Generated from learned patterns,1.0,254.4,7.148345743900068,2.23606797749979,substantial
Generated_0275,generated,education,HR,20,2015,6,40.13,0.0776,51.91,1.516,0.189,2980,Generated from learned patterns,3.3333333333333335,149.0,7.9996785794994505,4.47213595499958,moderate
Generated_0276,generated,neurology,RR,5,2014,8,6.58,0.0601,0.79,1.043,0.096,3863,Generated from learned patterns,0.625,772.6,8.259199362666282,2.23606797749979,low
Generated_0277,generated,infectious_disease,MD,8,2011,4,42.33,0.6214,5.18,0.057,0.279,577,Generated from learned patterns,2.0,72.125,6.3578422665081,2.8284271247461903,moderate
Generated_0278,generated,education,COR,8,2012,6,11.15,0.1485,7.83,-0.146,0.162,1541,Generated from learned patterns,1.3333333333333333,192.625,7.340186835320115,2.8284271247461903,low
Generated_0279,generated,neurology,RR,12,2003,8,5.06,0.0175,11.55,1.775,0.338,657,Generated from learned patterns,1.5,54.75,6.48768401848461,3.4641016151377544,low
Generated_0280,generated,endocrinology,RR,5,2005,8,47.08,0.0807,6.34,0.619,0.07,8874,Generated from learned patterns,0.625,1774.8,9.090880931938855,2.23606797749979,moderate
Generated_0281,generated,education,COR,13,2004,6,2.1,0.0912,23.0,0.32,0.143,939,Generated from learned patterns,2.1666666666666665,72.23076923076923,6.844815479208263,3.605551275463989,low
Generated_0282,generated,psychology,HR,10,2011,3,63.96,0.1049,41.41,0.596,0.181,2320,Generated from learned patterns,3.3333333333333335,232.0,7.749322464660356,3.1622776601683795,substantial
Generated_0283,generated,education,HR,5,2008,6,37.06,0.2376,2.15,0.884,0.158,1250,Generated from learned patterns,0.8333333333333334,250.0,7.1308988302963465,2.23606797749979,moderate
Generated_0284,generated,psychology,MD,12,2012,24,68.63,0.9969,30.36,1.122,0.325,286,Generated from learned patterns,0.5,23.833333333333332,5.655991810819852,3.4641016151377544,substantial
Generated_0285,generated,rheumatology,SMD,7,2002,3,6.63,0.1304,9.17,-0.149,0.928,139,Generated from learned patterns,2.3333333333333335,19.857142857142858,4.9344739331306915,2.6457513110645907,low
Generated_0286,generated,education,MD,9,2008,4,32.03,1.3024,17.01,2.209,0.255,421,Generated from learned patterns,2.25,46.77777777777778,6.042632833682381,3.0,moderate
Generated_0287,generated,neurology,RR,10,2009,7,72.58,0.2528,20.49,1.194,0.064,15691,Generated from learned patterns,1.4285714285714286,1569.1,9.660842578559068,3.1622776601683795,substantial
Generated_0288,generated,psychiatry,COR,10,2000,12,78.57,1.0502,50.16,-0.256,0.089,3351,Generated from learned patterns,0.8333333333333334,335.1,8.11701408773731,3.1622776601683795,high
Generated_0289,generated,psychiatry,COR,25,2012,3,40.06,0.2418,36.66,-0.489,0.104,3337,Generated from learned patterns,8.333333333333334,133.48,8.112827478751374,5.0,moderate
Generated_0290,generated,endocrinology,OR,27,2006,3,2.85,0.0139,26.66,0.849,0.073,7891,Generated from learned patterns,9.0,292.25925925925924,8.973478148521036,5.196152422706632,low
Generated_0291,generated,education,COR,5,2027,7,41.04,0.7829,7.33,0.206,0.241,2068,Generated from learned patterns,0.7142857142857143,413.6,7.63433723562832,2.23606797749979,moderate
Generated_0292,generated,infectious_disease,SMD,9,2019,4,3.09,0.0217,4.36,0.295,0.044,13362,Generated from learned patterns,2.25,1484.6666666666667,9.500170136485423,3.0,low
Generated_0293,generated,education,RR,18,2022,7,55.89,0.1873,37.44,0.878,0.23,946,Generated from learned patterns,2.5714285714285716,52.55555555555556,6.852242569051878,4.242640687119285,substantial
Generated_0294,generated,education,OR,10,2008,4,89.24,0.1486,100.51,0.724,0.14,3226,Generated from learned patterns,2.5,322.6,8.078998258685154,3.1622776601683795,high
Generated_0295,generated,rheumatology,RR,9,2009,14,84.81,0.1361,55.43,1.743,0.093,12773,Generated from learned patterns,0.6428571428571429,1419.2222222222222,9.455088847042777,3.0,high
Generated_0296,generated,oncology,HR,14,2006,29,85.26,0.1674,89.58,1.067,0.155,2243,Generated from learned patterns,0.4827586206896552,160.21428571428572,7.715569534520208,3.7416573867739413,high
Generated_0297,generated,oncology,RR,12,2021,30,56.72,0.179,27.02,1.721,0.103,3068,Generated from learned patterns,0.4,255.66666666666666,8.028781162487148,3.4641016151377544,substantial
Generated_0298,generated,psychiatry,SMD,9,2019,17,39.16,0.4031,10.64,-0.654,0.303,182,Generated from learned patterns,0.5294117647058824,20.22222222222222,5.204006687076795,3.0,moderate
Generated_0299,generated,infectious_disease,COR,8,2016,3,40.38,0.4964,9.7,-0.185,0.246,535,Generated from learned patterns,2.6666666666666665,66.875,6.282266746896006,2.8284271247461903,moderate
Generated_0300,generated,gastroenterology,SMD,11,2018,5,70.61,0.3832,31.5,-0.1,0.429,123,Generated from learned patterns,2.2,11.181818181818182,4.812184355372417,3.3166247903554,substantial
Generated_0301,generated,gastroenterology,HR,20,2001,28,27.82,0.0447,21.29,1.064,0.082,8414,Generated from learned patterns,0.7142857142857143,420.7,9.037652264150466,4.47213595499958,moderate
Generated_0302,generated,oncology,COR,13,2010,3,9.49,0.2752,11.02,-0.001,0.037,37585,Generated from learned patterns,4.333333333333333,2891.153846153846,10.53436031361157,3.605551275463989,low
Generated_0303,generated,oncology,OR,6,2006,8,43.56,0.0703,9.17,0.521,0.432,473,Generated from learned patterns,0.75,78.83333333333333,6.159095388491933,2.449489742783178,moderate
Generated_0304,generated,gastroenterology,RR,5,2015,16,83.94,0.2482,43.33,0.841,0.166,974,Generated from learned patterns,0.3125,194.8,6.881411303642535,2.23606797749979,high
Generated_0305,generated,oncology,SMD,6,2013,4,38.63,0.2614,8.43,-0.059,0.216,1917,Generated from learned patterns,1.5,319.5,7.558516743045645,2.449489742783178,moderate
Generated_0306,generated,psychology,RR,14,2020,6,34.2,0.1375,18.51,0.853,0.073,4974,Generated from learned patterns,2.3333333333333335,355.2857142857143,8.51197962436335,3.7416573867739413,moderate
Generated_0307,generated,endocrinology,SMD,14,2001,3,77.98,0.2896,66.47,-0.789,0.198,2540,Generated from learned patterns,4.666666666666667,181.42857142857142,7.8399193600125825,3.7416573867739413,high
Generated_0308,generated,neurology,RR,18,2021,18,63.25,0.2048,54.17,0.86,0.028,78563,Generated from learned patterns,1.0,4364.611111111111,11.271656129671937,4.242640687119285,substantial
Generated_0309,generated,rheumatology,COR,6,2011,10,58.56,1.2944,8.81,0.328,0.085,5215,Generated from learned patterns,0.6,869.1666666666666,8.559294367434873,2.449489742783178,substantial
Generated_0310,generated,education,MD,13,2004,3,62.02,1.2929,39.14,-0.008,0.608,155,Generated from learned patterns,4.333333333333333,11.923076923076923,5.043425116919247,3.605551275463989,substantial
Generated_0311,generated,endocrinology,MD,9,2015,11,1.23,0.0467,9.17,1.837,0.074,4130,Generated from learned patterns,0.8181818181818182,458.8888888888889,8.326032685955079,3.0,low
Generated_0312,generated,neurology,SMD,26,2011,17,3.02,0.017,42.55,0.237,0.034,4149,Generated from learned patterns,1.5294117647058822,159.57692307692307,8.330622620332868,5.0990195135927845,low
Generated_0313,generated,psychiatry,COR,35,2010,3,6.29,0.2471,56.31,0.125,0.107,966,Generated from learned patterns,11.666666666666666,27.6,6.873163834212518,5.916079783099616,low
Generated_0314,generated,rheumatology,RR,19,2017,6,80.33,0.3841,106.6,0.701,0.084,11232,Generated from learned patterns,3.1666666666666665,591.1578947368421,9.326522126265592,4.358898943540674,high
Generated_0315,generated,neurology,MD,12,2002,7,2.04,0.0413,9.88,1.224,0.09,2214,Generated from learned patterns,1.7142857142857142,184.5,7.7025561132685825,3.4641016151377544,low
Generated_0316,generated,rheumatology,RR,6,2011,5,86.12,0.5322,40.35,1.077,0.57,400,Generated from learned patterns,1.2,66.66666666666667,5.991464547107982,2.449489742783178,high
Generated_0317,generated,neurology,HR,5,2012,6,58.79,0.1125,9.62,0.822,0.299,844,Generated from learned patterns,0.8333333333333334,168.8,6.738152494595957,2.23606797749979,substantial
Generated_0318,generated,psychiatry,HR,5,2014,3,8.0,0.0296,4.77,1.752,0.038,6722,Generated from learned patterns,1.6666666666666667,1344.4,8.81314100828505,2.23606797749979,low
Generated_0319,generated,psychiatry,RR,18,2017,9,77.62,0.31,84.66,0.597,0.311,329,Generated from learned patterns,2.0,18.27777777777778,5.796057750765372,4.242640687119285,high
Generated_0320,generated,oncology,SMD,20,2006,16,82.29,0.5863,113.13,-0.155,0.485,275,Generated from learned patterns,1.25,13.75,5.616771097666572,4.47213595499958,high
Generated_0321,generated,gastroenterology,MD,12,2009,24,86.51,0.9342,84.28,2.402,0.455,477,Generated from learned patterns,0.5,39.75,6.1675164908883415,3.4641016151377544,high
Generated_0322,generated,gastroenterology,OR,20,2003,7,88.34,0.5534,163.81,0.518,0.625,200,Generated from learned patterns,2.857142857142857,10.0,5.298317366548036,4.47213595499958,high
Generated_0323,generated,rheumatology,COR,5,2010,9,32.61,0.6097,4.21,-0.207,0.201,1479,Generated from learned patterns,0.5555555555555556,295.8,7.2991214627108,2.23606797749979,moderate
Generated_0324,generated,oncology,SMD,10,2005,5,91.16,0.4861,112.19,-0.438,0.214,1601,Generated from learned patterns,2.0,160.1,7.3783837129967145,3.1622776601683795,high
Generated_0325,generated,infectious_disease,SMD,9,2012,8,80.91,0.3103,52.99,-0.528,0.276,1835,Generated from learned patterns,1.125,203.88888888888889,7.51479976048867,3.0,high
Generated_0326,generated,psychiatry,RR,10,2018,10,0.87,0.01,15.91,1.588,0.037,12195,Generated from learned patterns,1.0,1219.5,9.40878131065002,3.1622776601683795,low
Generated_0327,generated,infectious_disease,RR,21,2011,4,78.71,0.2203,82.38,1.208,0.132,4397,Generated from learned patterns,5.25,209.38095238095238,8.388677769180811,4.58257569495584,high
Generated_0328,generated,endocrinology,MD,22,2015,3,40.93,0.3664,36.15,0.269,0.031,42981,Generated from learned patterns,7.333333333333333,1953.6818181818182,10.668513436561481,4.69041575982343,moderate
Generated_0329,generated,psychiatry,SMD,6,2014,4,68.62,0.0625,19.24,0.069,0.132,1902,Generated from learned patterns,1.5,317.0,7.550661243105336,2.449489742783178,substantial
Generated_0330,generated,education,OR,7,2012,11,2.79,0.0122,9.51,1.237,0.113,1037,Generated from learned patterns,0.6363636363636364,148.14285714285714,6.9440872082295275,2.6457513110645907,low
Generated_0331,generated,gastroenterology,SMD,14,2018,10,67.68,0.4015,42.83,0.539,0.319,512,Generated from learned patterns,1.4,36.57142857142857,6.238324625039508,3.7416573867739413,substantial
Generated_0332,generated,gastroenterology,COR,5,2007,8,47.62,0.7392,16.53,-0.08,0.117,2799,Generated from learned patterns,0.625,559.8,7.937017489515454,2.23606797749979,moderate
Generated_0333,generated,education,HR,11,2013,3,10.22,0.0458,11.31,0.641,0.129,1013,Generated from learned patterns,3.6666666666666665,92.0909090909091,6.920671504248683,3.3166247903554,low
Generated_0334,generated,oncology,OR,31,2010,20,29.35,0.0698,47.19,1.534,0.152,963,Generated from learned patterns,1.55,31.06451612903226,6.870053411798126,5.5677643628300215,moderate
Generated_0335,generated,education,OR,17,2010,3,6.84,0.0269,23.22,0.511,0.114,2146,Generated from learned patterns,5.666666666666667,126.23529411764706,7.671360923190644,4.123105625617661,low
Generated_0336,generated,cardiology,MD,10,2006,4,54.93,1.425,13.04,-1.314,0.148,3013,Generated from learned patterns,2.5,301.3,8.0106915391303,3.1622776601683795,substantial
Generated_0337,generated,infectious_disease,RR,13,2019,4,39.67,0.1123,27.03,1.323,0.1,3710,Generated from learned patterns,3.25,285.38461538461536,8.21878715560148,3.605551275463989,moderate
Generated_0338,generated,oncology,HR,14,2003,6,44.76,0.0603,26.0,1.342,0.039,32750,Generated from learned patterns,2.3333333333333335,2339.285714285714,10.396658241063397,3.7416573867739413,moderate
Generated_0339,generated,gastroenterology,COR,35,2015,11,2.34,0.1153,28.5,0.143,0.176,591,Generated from learned patterns,3.1818181818181817,16.885714285714286,6.3818160174060985,5.916079783099616,low
Generated_0340,generated,infectious_disease,MD,16,2001,8,60.11,1.3339,40.8,-3.483,0.534,100,Generated from learned patterns,2.0,6.25,4.605170185988092,4.0,substantial
Generated_0341,generated,gastroenterology,COR,5,2009,6,34.45,0.5184,3.82,-0.551,0.125,1339,Generated from learned patterns,0.8333333333333334,267.8,7.199678345691172,2.23606797749979,moderate
Generated_0342,generated,oncology,RR,18,2012,25,3.49,0.0121,12.74,0.558,0.249,300,Generated from learned patterns,0.72,16.666666666666668,5.703782474656201,4.242640687119285,low
Generated_0343,generated,endocrinology,SMD,11,2009,10,83.71,0.1762,95.75,0.6,0.164,1816,Generated from learned patterns,1.1,165.0909090909091,7.504391559161238,3.3166247903554,high
Generated_0344,generated,rheumatology,MD,5,2020,8,42.02,0.7055,4.39,2.072,0.208,605,Generated from learned patterns,0.625,121.0,6.405228458030842,2.23606797749979,moderate
Generated_0345,generated,rheumatology,SMD,29,2005,9,10.99,0.0749,48.17,-0.062,0.079,2331,Generated from learned patterns,3.2222222222222223,80.37931034482759,7.754052639035757,5.385164807134504,low
Generated_0346,generated,endocrinology,RR,8,2010,7,45.56,0.1645,15.75,1.846,0.179,2413,Generated from learned patterns,1.1428571428571428,301.625,7.7886260656250315,2.8284271247461903,moderate
Generated_0347,generated,infectious_disease,OR,7,2010,3,59.6,0.2938,27.69,1.213,0.315,415,Generated from learned patterns,2.3333333333333335,59.285714285714285,6.028278520230698,2.6457513110645907,substantial
Generated_0348,generated,gastroenterology,RR,12,2000,3,76.97,0.287,56.92,1.454,0.294,394,Generated from learned patterns,4.0,32.833333333333336,5.976350909297934,3.4641016151377544,high
Generated_0349,generated,psychology,HR,16,2015,23,86.0,0.2255,109.65,1.467,0.121,8643,Generated from learned patterns,0.6956521739130435,540.1875,9.064505023752638,4.0,high
Generated_0350,generated,cardiology,RR,27,2023,3,82.58,0.2431,156.17,1.021,0.23,1364,Generated from learned patterns,9.0,50.51851851851852,7.218176838403408,5.196152422706632,high
Generated_0351,generated,psychology,MD,9,2011,5,6.41,0.1319,10.31,0.006,0.105,1143,Generated from learned patterns,1.8,127.0,7.04141166379481,3.0,low
Generated_0352,generated,oncology,OR,10,2015,3,81.23,0.4461,36.75,0.989,0.232,2443,Generated from learned patterns,3.3333333333333335,244.3,7.8009820712577405,3.1622776601683795,high
Generated_0353,generated,rheumatology,OR,49,2012,4,82.19,0.5051,245.58,0.649,0.635,117,Generated from learned patterns,12.25,2.3877551020408165,4.762173934797756,7.0,high
Generated_0354,generated,cardiology,MD,12,2006,12,33.5,1.0938,22.84,1.851,0.037,14879,Generated from learned patterns,1.0,1239.9166666666667,9.607706101827697,3.4641016151377544,moderate
Generated_0355,generated,rheumatology,RR,5,2019,7,3.05,0.0088,3.9,1.305,0.199,839,Generated from learned patterns,0.7142857142857143,167.8,6.732210706467206,2.23606797749979,low
Generated_0356,generated,gastroenterology,OR,12,2012,6,26.6,0.1092,27.2,1.006,0.116,3748,Generated from learned patterns,2.0,312.3333333333333,8.228977643358313,3.4641016151377544,moderate
Generated_0357,generated,gastroenterology,HR,11,2013,10,40.49,0.0961,17.81,1.409,0.26,1087,Generated from learned patterns,1.1,98.81818181818181,6.99117688712121,3.3166247903554,moderate
Generated_0358,generated,rheumatology,OR,29,2000,12,59.15,0.1032,68.23,0.407,0.149,3331,Generated from learned patterns,2.4166666666666665,114.86206896551724,8.11102783819368,5.385164807134504,substantial
Generated_0359,generated,neurology,HR,5,2013,14,68.92,0.1887,23.28,0.66,0.394,194,Generated from learned patterns,0.35714285714285715,38.8,5.267858159063328,2.23606797749979,substantial
Generated_0360,generated,cardiology,HR,10,2011,4,65.92,0.2997,39.33,0.625,0.148,1823,Generated from learned patterns,2.5,182.3,7.508238774678663,3.1622776601683795,substantial
Generated_0361,generated,infectious_disease,SMD,5,2018,5,7.04,0.0708,1.17,0.615,0.166,507,Generated from learned patterns,1.0,101.4,6.2285110035911835,2.23606797749979,low
Generated_0362,generated,rheumatology,MD,12,2010,9,5.52,0.103,12.19,-4.659,0.084,3104,Generated from learned patterns,1.3333333333333333,258.6666666666667,8.04044688130311,3.4641016151377544,low
Generated_0363,generated,rheumatology,SMD,6,2019,8,64.0,0.6351,17.8,1.034,0.161,3517,Generated from learned patterns,0.75,586.1666666666666,8.165363632473982,2.449489742783178,substantial
Generated_0364,generated,gastroenterology,HR,10,2011,4,43.14,0.0541,18.79,1.179,0.068,5576,Generated from learned patterns,2.5,557.6,8.62622695244036,3.1622776601683795,moderate
Generated_0365,generated,infectious_disease,MD,8,2002,5,46.49,0.5139,15.79,0.835,0.247,532,Generated from learned patterns,1.6,66.5,6.2766434893416445,2.8284271247461903,moderate
Generated_0366,generated,cardiology,COR,16,2013,17,88.53,1.1479,139.06,-0.113,0.088,3935,Generated from learned patterns,0.9411764705882353,245.9375,8.277666160851503,4.0,high
Generated_0367,generated,psychiatry,MD,7,2015,10,38.9,1.2482,5.16,-1.826,0.732,156,Generated from learned patterns,0.7,22.285714285714285,5.049856007249537,2.6457513110645907,moderate
Generated_0368,generated,cardiology,OR,10,2006,4,33.19,0.0789,17.0,0.657,0.515,645,Generated from learned patterns,2.5,64.5,6.4692503167957724,3.1622776601683795,moderate
Generated_0369,generated,psychiatry,HR,7,2013,10,55.93,0.1621,9.76,0.811,0.127,2032,Generated from learned patterns,0.7,290.2857142857143,7.616775808698373,2.6457513110645907,substantial
Generated_0370,generated,infectious_disease,RR,17,2014,5,86.62,0.3722,127.16,0.603,0.119,4284,Generated from learned patterns,3.4,252.0,8.36264243156764,4.123105625617661,high
Generated_0371,generated,oncology,OR,9,2005,3,34.08,0.0817,8.32,1.074,0.252,1157,Generated from learned patterns,3.0,128.55555555555554,7.053585727193677,3.0,moderate
Generated_0372,generated,oncology,RR,7,2011,5,37.73,0.0689,4.78,0.439,0.089,4583,Generated from learned patterns,1.4,654.7142857142857,8.430109084509125,2.6457513110645907,moderate
Generated_0373,generated,cardiology,OR,11,2012,8,70.86,0.213,38.44,0.765,0.3,484,Generated from learned patterns,1.375,44.0,6.182084906716632,3.3166247903554,substantial
Generated_0374,generated,neurology,COR,12,2012,11,86.13,1.9723,72.62,0.015,0.175,4041,Generated from learned patterns,1.0909090909090908,336.75,8.304247465078474,3.4641016151377544,high
Generated_0375,generated,endocrinology,MD,9,2009,3,83.96,0.6837,48.41,0.323,0.64,358,Generated from learned patterns,3.0,39.77777777777778,5.8805329864007,3.0,high
Generated_0376,generated,psychology,SMD,5,2008,8,32.05,0.0792,4.04,0.003,0.185,1985,Generated from learned patterns,0.625,397.0,7.59337419312129,2.23606797749979,moderate
Generated_0377,generated,psychology,RR,9,2011,3,2.68,0.0149,14.93,0.874,0.036,10279,Generated from learned patterns,3.0,1142.111111111111,9.237858258012922,3.0,low
Generated_0378,generated,infectious_disease,RR,11,2012,19,79.46,0.3052,62.14,0.701,0.031,36474,Generated from learned patterns,0.5789473684210527,3315.818181818182,10.504354956976778,3.3166247903554,high
Generated_0379,generated,neurology,MD,30,2013,12,2.32,0.1498,45.29,-2.216,0.045,5016,Generated from learned patterns,2.5,167.2,8.520388082312756,5.477225575051661,low
Generated_0380,generated,gastroenterology,MD,23,2008,7,63.29,3.2347,59.85,-0.793,0.887,100,Generated from learned patterns,3.2857142857142856,4.3478260869565215,4.605170185988092,4.795831523312719,substantial
Generated_0381,generated,oncology,OR,7,1996,3,52.03,0.1889,14.64,1.074,0.163,4580,Generated from learned patterns,2.3333333333333335,654.2857142857143,8.429454277108231,2.6457513110645907,substantial
Generated_0382,generated,gastroenterology,MD,5,2012,4,46.41,0.3987,9.1,4.121,0.052,7868,Generated from learned patterns,1.25,1573.6,8.97055917950895,2.23606797749979,moderate
Generated_0383,generated,psychology,HR,6,2005,3,79.85,0.2386,26.03,0.946,0.277,1286,Generated from learned patterns,2.0,214.33333333333334,7.1592919047975645,2.449489742783178,high
Generated_0384,generated,psychology,HR,17,2018,5,2.42,0.0091,15.42,1.038,0.116,2832,Generated from learned patterns,3.4,166.58823529411765,7.94873845481361,4.123105625617661,low
Generated_0385,generated,infectious_disease,HR,9,2013,5,28.84,0.0379,13.14,0.736,0.072,5637,Generated from learned patterns,1.8,626.3333333333334,8.637107288081575,3.0,moderate
Generated_0386,generated,infectious_disease,HR,14,2016,7,6.06,0.069,15.5,1.009,0.349,114,Generated from learned patterns,2.0,8.142857142857142,4.736198448394496,3.7416573867739413,low
Generated_0387,generated,education,SMD,12,2008,5,3.95,0.0142,10.14,0.335,0.243,1847,Generated from learned patterns,2.4,153.91666666666666,7.52131798019924,3.4641016151377544,low
Generated_0388,generated,cardiology,OR,12,2013,6,35.32,0.0913,8.49,1.103,0.175,1366,Generated from learned patterns,2.0,113.83333333333333,7.2196420401307355,3.4641016151377544,moderate
Generated_0389,generated,psychiatry,RR,7,2016,4,63.2,0.1923,16.13,1.066,0.192,3722,Generated from learned patterns,1.75,531.7142857142857,8.222016437202196,2.6457513110645907,substantial
Generated_0390,generated,rheumatology,OR,13,2010,3,59.36,0.2437,37.57,2.503,0.14,1593,Generated from learned patterns,4.333333333333333,122.53846153846153,7.373374309910049,3.605551275463989,substantial
Generated_0391,generated,infectious_disease,COR,13,2009,4,29.06,0.5556,38.56,-0.277,0.193,1837,Generated from learned patterns,3.25,141.30769230769232,7.515889085215125,3.605551275463989,moderate
Generated_0392,generated,oncology,MD,10,2012,3,56.31,1.5461,18.77,-1.184,0.328,1753,Generated from learned patterns,3.3333333333333335,175.3,7.469083884921234,3.1622776601683795,substantial
Generated_0393,generated,neurology,MD,5,2006,5,31.1,0.6101,5.9,1.593,0.338,547,Generated from learned patterns,1.0,109.4,6.304448802421981,2.23606797749979,moderate
Generated_0394,generated,neurology,OR,13,2012,6,35.36,0.0871,22.68,1.675,0.424,184,Generated from learned patterns,2.1666666666666665,14.153846153846153,5.214935757608986,3.605551275463989,moderate
Generated_0395,generated,oncology,OR,17,2011,9,4.92,0.0286,17.47,0.959,0.113,3794,Generated from learned patterns,1.8888888888888888,223.1764705882353,8.24117615049496,4.123105625617661,low
Generated_0396,generated,cardiology,HR,5,2017,4,78.76,0.4642,28.93,0.894,0.079,7621,Generated from learned patterns,1.25,1524.2,8.938662873666118,2.23606797749979,high
Generated_0397,generated,neurology,HR,5,2012,17,76.23,0.1442,28.08,0.456,0.177,1298,Generated from learned patterns,0.29411764705882354,259.6,7.168579897264035,2.23606797749979,high
Generated_0398,generated,oncology,MD,10,2013,3,36.44,0.4936,19.35,1.159,0.276,1279,Generated from learned patterns,3.3333333333333335,127.9,7.153833801578843,3.1622776601683795,moderate
Generated_0399,generated,cardiology,HR,8,2012,7,38.32,0.0568,12.17,0.889,0.32,200,Generated from learned patterns,1.1428571428571428,25.0,5.298317366548036,2.8284271247461903,moderate
Generated_0400,generated,infectious_disease,OR,28,2003,3,78.45,0.2092,137.75,0.716,0.277,838,Generated from learned patterns,9.333333333333334,29.928571428571427,6.731018100482083,5.291502622129181,high
Generated_0401,generated,infectious_disease,OR,7,2023,8,34.69,0.0653,13.0,1.084,0.457,158,Generated from learned patterns,0.875,22.571428571428573,5.062595033026967,2.6457513110645907,moderate
Generated_0402,generated,endocrinology,RR,12,2016,7,82.55,0.4649,80.98,2.021,0.614,318,Generated from learned patterns,1.7142857142857142,26.5,5.762051382780177,3.4641016151377544,high
Generated_0403,generated,education,COR,6,2015,3,27.76,0.4971,7.17,0.095,0.066,5752,Generated from learned patterns,2.0,958.6666666666666,8.657302899400882,2.449489742783178,moderate
Generated_0404,generated,education,HR,5,2013,3,66.28,0.4396,17.59,0.713,0.067,5045,Generated from learned patterns,1.6666666666666667,1009.0,8.52615293278771,2.23606797749979,substantial
Generated_0405,generated,endocrinology,SMD,11,2012,6,1.29,0.0318,1.47,-0.589,0.282,2519,Generated from learned patterns,1.8333333333333333,229.0,7.831617276352611,3.3166247903554,low
Generated_0406,generated,gastroenterology,RR,8,2010,3,46.37,0.1137,13.4,0.532,0.297,472,Generated from learned patterns,2.6666666666666665,59.0,6.156978985585555,2.8284271247461903,moderate
Generated_0407,generated,endocrinology,MD,6,2014,24,4.56,0.2251,4.74,2.275,0.102,2439,Generated from learned patterns,0.25,406.5,7.79934339821592,2.449489742783178,low
Generated_0408,generated,cardiology,COR,12,2012,11,65.81,2.7622,30.77,-0.083,0.112,3579,Generated from learned patterns,1.0909090909090908,298.25,8.182838710766026,3.4641016151377544,substantial
Generated_0409,generated,cardiology,HR,14,2018,7,76.99,0.2081,56.73,0.829,0.184,2108,Generated from learned patterns,2.0,150.57142857142858,7.653494909661253,3.7416573867739413,high
Generated_0410,generated,cardiology,RR,9,2013,10,61.47,0.2821,24.13,1.172,0.138,1587,Generated from learned patterns,0.9,176.33333333333334,7.369600720526409,3.0,substantial
Generated_0411,generated,cardiology,OR,25,2012,8,77.06,0.3658,114.37,1.22,0.358,367,Generated from learned patterns,3.125,14.68,5.905361848054571,5.0,high
Generated_0412,generated,psychology,RR,11,2008,23,36.01,0.084,15.39,0.905,0.069,3507,Generated from learned patterns,0.4782608695652174,318.8181818181818,8.162516250140179,3.3166247903554,moderate
Generated_0413,generated,gastroenterology,MD,16,2017,9,36.96,0.5897,28.79,0.285,0.138,3192,Generated from learned patterns,1.7777777777777777,199.5,8.068402958569699,4.0,moderate
Generated_0414,generated,infectious_disease,MD,13,2006,7,32.32,0.2594,27.31,-3.245,0.045,10253,Generated from learned patterns,1.8571428571428572,788.6923076923077,9.235325624670091,3.605551275463989,moderate
Generated_0415,generated,rheumatology,RR,8,2016,11,7.55,0.0479,13.88,2.007,0.574,100,Generated from learned patterns,0.7272727272727273,12.5,4.605170185988092,2.8284271247461903,low
Generated_0416,generated,cardiology,OR,31,2008,11,4.59,0.0137,41.23,0.691,0.169,1596,Generated from learned patterns,2.8181818181818183,51.483870967741936,7.3752557780097545,5.5677643628300215,low
Generated_0417,generated,rheumatology,OR,15,2015,4,3.02,0.031,10.7,1.405,0.235,387,Generated from learned patterns,3.75,25.8,5.958424693029782,3.872983346207417,low
Generated_0418,generated,psychiatry,OR,6,2013,30,85.42,0.0987,49.82,0.797,0.185,2419,Generated from learned patterns,0.2,403.1666666666667,7.791109510610028,2.449489742783178,high
Generated_0419,generated,gastroenterology,SMD,23,2002,7,30.37,0.0693,32.93,-0.357,0.208,970,Generated from learned patterns,3.2857142857142856,42.17391304347826,6.877296071497429,4.795831523312719,moderate
Generated_0420,generated,cardiology,MD,17,2016,14,35.2,0.1885,25.61,2.754,0.082,11245,Generated from learned patterns,1.2142857142857142,661.4705882352941,9.327678864393416,4.123105625617661,moderate
Generated_0421,generated,infectious_disease,SMD,9,2017,7,76.1,0.3763,27.46,-0.003,0.256,2970,Generated from learned patterns,1.2857142857142858,330.0,7.996317231796746,3.0,high
Generated_0422,generated,rheumatology,OR,7,2008,22,3.86,0.0309,3.59,0.928,0.07,3651,Generated from learned patterns,0.3181818181818182,521.5714285714286,8.202756381655638,2.6457513110645907,low
Generated_0423,generated,psychiatry,COR,21,2015,8,81.99,1.4607,115.34,0.12,0.067,19314,Generated from learned patterns,2.625,919.7142857142857,9.868585500526864,4.58257569495584,high
Generated_0424,generated,infectious_disease,COR,18,2011,12,2.72,0.0581,24.97,-0.352,0.107,2545,Generated from learned patterns,1.5,141.38888888888889,7.841885928984623,4.242640687119285,low
Generated_0425,generated,cardiology,MD,7,2018,10,1.34,0.0883,2.94,3.061,0.172,488,Generated from learned patterns,0.7,69.71428571428571,6.1903154058531475,2.6457513110645907,low
Generated_0426,generated,rheumatology,SMD,24,2020,9,29.61,0.1404,33.61,-0.242,0.215,795,Generated from learned patterns,2.6666666666666665,33.125,6.678342114654332,4.898979485566356,moderate
Generated_0427,generated,psychiatry,COR,12,2016,18,12.53,0.1617,9.09,-0.215,0.022,49700,Generated from learned patterns,0.6666666666666666,4141.666666666667,10.81376021208472,3.4641016151377544,low
Generated_0428,generated,oncology,MD,14,2008,5,28.68,1.177,27.74,0.382,0.075,4512,Generated from learned patterns,2.8,322.2857142857143,8.414495793177895,3.7416573867739413,moderate
Generated_0429,generated,gastroenterology,RR,12,2015,16,84.05,0.2428,71.76,2.078,0.2,2374,Generated from learned patterns,0.75,197.83333333333334,7.772331575169614,3.4641016151377544,high
Generated_0430,generated,psychology,COR,11,2019,12,6.4,0.1713,7.58,0.014,0.34,468,Generated from learned patterns,0.9166666666666666,42.54545454545455,6.148468295917647,3.3166247903554,low
Generated_0431,generated,gastroenterology,HR,13,2005,12,26.25,0.0874,16.72,1.566,0.127,2997,Generated from learned patterns,1.0833333333333333,230.53846153846155,8.005367067316664,3.605551275463989,moderate
Generated_0432,generated,cardiology,RR,7,2019,3,45.18,0.108,32.24,1.132,0.2,1081,Generated from learned patterns,2.3333333333333335,154.42857142857142,6.985641817639208,2.6457513110645907,moderate
Generated_0433,generated,cardiology,OR,60,2007,5,66.69,0.0743,150.91,1.197,0.269,1367,Generated from learned patterns,12.0,22.783333333333335,7.220373836723949,7.745966692414834,substantial
Generated_0434,generated,infectious_disease,OR,8,2011,11,71.3,0.097,12.2,0.851,0.066,8703,Generated from learned patterns,0.7272727272727273,1087.875,9.071423072789514,2.8284271247461903,substantial
Generated_0435,generated,psychiatry,OR,6,2005,8,6.0,0.0242,4.11,1.981,0.282,526,Generated from learned patterns,0.75,87.66666666666667,6.26530121273771,2.449489742783178,low
Generated_0436,generated,infectious_disease,MD,9,2009,11,38.79,0.941,10.32,1.288,0.07,9581,Generated from learned patterns,0.8181818181818182,1064.5555555555557,9.167537249650874,3.0,moderate
Generated_0437,generated,endocrinology,COR,10,2011,6,34.53,0.52,6.39,-0.149,0.117,4944,Generated from learned patterns,1.6666666666666667,494.4,8.505929999137527,3.1622776601683795,moderate
Generated_0438,generated,rheumatology,HR,7,2014,3,2.89,0.0201,4.75,0.415,0.361,329,Generated from learned patterns,2.3333333333333335,47.0,5.796057750765372,2.6457513110645907,low
Generated_0439,generated,infectious_disease,SMD,7,2017,8,92.17,0.2835,100.39,-0.33,0.232,972,Generated from learned patterns,0.875,138.85714285714286,6.879355804460439,2.6457513110645907,high
Generated_0440,generated,psychology,MD,21,2001,4,5.49,0.2462,18.35,0.828,0.082,5097,Generated from learned patterns,5.25,242.71428571428572,8.536407410340042,4.58257569495584,low
Generated_0441,generated,gastroenterology,OR,19,2008,11,83.81,0.5485,112.93,1.037,0.178,1636,Generated from learned patterns,1.7272727272727273,86.10526315789474,7.400009517162692,4.358898943540674,high
Generated_0442,generated,cardiology,SMD,14,2016,3,41.8,0.186,21.12,1.073,0.171,613,Generated from learned patterns,4.666666666666667,43.785714285714285,6.418364935936212,3.7416573867739413,moderate
Generated_0443,generated,education,RR,5,2003,13,5.83,0.0163,3.46,1.026,0.066,3864,Generated from learned patterns,0.38461538461538464,772.8,8.259458195332408,2.23606797749979,low
Generated_0444,generated,rheumatology,RR,15,2012,4,46.22,0.115,33.54,0.8,0.253,568,Generated from learned patterns,3.75,37.86666666666667,6.342121418721152,3.872983346207417,moderate
Generated_0445,generated,psychology,SMD,17,2016,10,9.91,0.0367,30.74,-0.451,0.06,12111,Generated from learned patterns,1.7,712.4117647058823,9.401869409521051,4.123105625617661,low
Generated_0446,generated,oncology,HR,13,2004,7,7.57,0.0697,26.09,0.77,0.144,1524,Generated from learned patterns,1.8571428571428572,117.23076923076923,7.329093736246592,3.605551275463989,low
Generated_0447,generated,rheumatology,SMD,21,2002,4,52.55,0.2943,41.48,0.114,0.136,1047,Generated from learned patterns,5.25,49.857142857142854,6.953684210870537,4.58257569495584,substantial
Generated_0448,generated,neurology,COR,17,2006,19,83.35,1.0174,99.32,-0.404,0.267,897,Generated from learned patterns,0.8947368421052632,52.76470588235294,6.799055862058796,4.123105625617661,high
Generated_0449,generated,infectious_disease,SMD,16,2015,14,44.83,0.1359,25.0,0.017,0.575,222,Generated from learned patterns,1.1428571428571428,13.875,5.402677381872279,4.0,moderate
Generated_0450,generated,cardiology,RR,20,2010,3,46.64,0.1759,35.64,0.558,0.332,714,Generated from learned patterns,6.666666666666667,35.7,6.570882962339584,4.47213595499958,moderate
Generated_0451,generated,neurology,HR,7,2009,9,42.25,0.0901,8.54,1.018,0.076,3800,Generated from learned patterns,0.7777777777777778,542.8571428571429,8.242756345714477,2.6457513110645907,moderate
Generated_0452,generated,endocrinology,SMD,14,2000,16,70.8,0.2869,42.9,0.316,0.645,268,Generated from learned patterns,0.875,19.142857142857142,5.5909869805108565,3.7416573867739413,substantial
Generated_0453,generated,education,OR,8,2007,7,52.78,0.097,14.59,1.146,0.312,2472,Generated from learned patterns,1.1428571428571428,309.0,7.812782818577581,2.8284271247461903,substantial
Generated_0454,generated,cardiology,OR,12,2022,3,5.22,0.0326,13.53,1.606,0.079,3299,Generated from learned patterns,4.0,274.9166666666667,8.101374671228582,3.4641016151377544,low
Generated_0455,generated,education,SMD,12,2006,7,4.98,0.0448,7.72,0.25,0.155,2208,Generated from learned patterns,1.7142857142857142,184.0,7.699842407396986,3.4641016151377544,low
Generated_0456,generated,psychology,SMD,10,2015,10,70.22,0.2619,23.74,-0.997,1.193,100,Generated from learned patterns,1.0,10.0,4.605170185988092,3.1622776601683795,substantial
Generated_0457,generated,cardiology,RR,7,2008,18,6.14,0.0349,8.81,0.879,0.038,30773,Generated from learned patterns,0.3888888888888889,4396.142857142857,10.33439296112607,2.6457513110645907,low
Generated_0458,generated,rheumatology,HR,9,2018,22,34.6,0.0349,7.71,0.433,0.207,2111,Generated from learned patterns,0.4090909090909091,234.55555555555554,7.65491704784832,3.0,moderate
Generated_0459,generated,psychiatry,SMD,9,2008,3,57.56,0.4063,11.46,-0.394,0.179,1973,Generated from learned patterns,3.0,219.22222222222223,7.587310506022615,3.0,substantial
Generated_0460,generated,rheumatology,SMD,18,2017,13,43.14,0.2201,33.03,-1.063,0.279,716,Generated from learned patterns,1.3846153846153846,39.77777777777778,6.573680166960646,4.242640687119285,moderate
Generated_0461,generated,psychology,SMD,9,2016,5,58.17,0.2501,11.49,-0.283,0.547,100,Generated from learned patterns,1.8,11.11111111111111,4.605170185988092,3.0,substantial
Generated_0462,generated,endocrinology,HR,20,2019,3,3.96,0.0277,27.86,0.728,0.052,26841,Generated from learned patterns,6.666666666666667,1342.05,10.197685848215706,4.47213595499958,low
Generated_0463,generated,cardiology,HR,5,2021,13,84.33,0.1766,19.47,1.056,0.407,702,Generated from learned patterns,0.38461538461538464,140.4,6.553933404025811,2.23606797749979,high
Generated_0464,generated,endocrinology,HR,14,2008,14,1.06,0.0121,8.5,0.911,0.066,5798,Generated from learned patterns,1.0,414.14285714285717,8.6652683094816,3.7416573867739413,low
Generated_0465,generated,psychiatry,COR,8,2006,8,59.71,1.6674,18.26,-0.081,0.084,4149,Generated from learned patterns,1.0,518.625,8.330622620332868,2.8284271247461903,substantial
Generated_0466,generated,endocrinology,HR,5,2011,3,14.44,0.0649,9.44,1.606,0.398,221,Generated from learned patterns,1.6666666666666667,44.2,5.3981627015177525,2.23606797749979,low
Generated_0467,generated,neurology,HR,5,2014,15,64.26,0.3458,13.65,0.655,0.182,1601,Generated from learned patterns,0.3333333333333333,320.2,7.3783837129967145,2.23606797749979,substantial
Generated_0468,generated,education,MD,6,2022,3,46.14,1.2423,13.73,-0.048,0.066,6637,Generated from learned patterns,2.0,1106.1666666666667,8.800415333145924,2.449489742783178,moderate
Generated_0469,generated,psychology,COR,6,2008,5,47.02,0.5939,7.1,0.111,0.208,843,Generated from learned patterns,1.2,140.5,6.736966958001855,2.449489742783178,moderate
Generated_0470,generated,psychiatry,SMD,13,2020,10,66.0,0.403,42.51,1.152,0.285,669,Generated from learned patterns,1.3,51.46153846153846,6.505784060128229,3.605551275463989,substantial
Generated_0471,generated,education,MD,12,2007,3,40.54,0.6821,31.48,0.468,0.366,339,Generated from learned patterns,4.0,28.25,5.82600010738045,3.4641016151377544,moderate
Generated_0472,generated,psychology,MD,22,2014,5,40.58,0.7428,49.0,2.023,0.523,164,Generated from learned patterns,4.4,7.454545454545454,5.099866427824199,4.69041575982343,moderate
Generated_0473,generated,endocrinology,MD,5,2002,8,33.53,0.4583,3.07,-3.641,0.764,140,Generated from learned patterns,0.625,28.0,4.941642422609304,2.23606797749979,moderate
Generated_0474,generated,gastroenterology,RR,33,1998,3,13.91,0.0339,31.75,0.497,0.385,196,Generated from learned patterns,11.0,5.9393939393939394,5.278114659230517,5.744562646538029,low
Generated_0475,generated,education,SMD,10,2009,9,7.84,0.0385,9.06,-0.15,0.021,27973,Generated from learned patterns,1.1111111111111112,2797.3,10.23899503822049,3.1622776601683795,low
Generated_0476,generated,education,COR,5,2017,10,63.34,0.6857,23.65,0.009,0.177,2104,Generated from learned patterns,0.5,420.8,7.651595573857601,2.23606797749979,substantial
Generated_0477,generated,oncology,MD,10,2017,3,79.63,1.4833,60.03,-1.612,0.132,7507,Generated from learned patterns,3.3333333333333335,750.7,8.923591197573002,3.1622776601683795,high
Generated_0478,generated,psychiatry,OR,10,2005,11,9.41,0.0337,2.16,0.599,0.143,478,Generated from learned patterns,0.9090909090909091,47.8,6.169610732491456,3.1622776601683795,low
Generated_0479,generated,psychiatry,COR,8,2008,6,17.79,0.3968,7.42,0.162,0.061,8235,Generated from learned patterns,1.3333333333333333,1029.375,9.016148642611741,2.8284271247461903,low
Generated_0480,generated,endocrinology,COR,5,2017,7,66.64,0.8775,16.52,-0.495,0.11,3407,Generated from learned patterns,0.7142857142857143,681.4,8.133587417660966,2.23606797749979,substantial
Generated_0481,generated,education,COR,24,2009,12,45.57,0.8232,47.58,-0.215,0.066,5974,Generated from learned patterns,2.0,248.91666666666666,8.695171998776056,4.898979485566356,moderate
Generated_0482,generated,oncology,OR,10,2014,4,5.41,0.0381,5.42,0.933,0.396,100,Generated from learned patterns,2.5,10.0,4.605170185988092,3.1622776601683795,low
Generated_0483,generated,cardiology,OR,13,2016,23,26.62,0.0393,9.85,0.693,0.107,8199,Generated from learned patterns,0.5652173913043478,630.6923076923077,9.011767474596178,3.605551275463989,moderate
Generated_0484,generated,oncology,HR,8,2012,4,5.57,0.0321,8.6,1.122,0.057,5738,Generated from learned patterns,2.0,717.25,8.65486599654131,2.8284271247461903,low
Generated_0485,generated,psychology,MD,11,2012,7,1.13,0.0523,13.21,1.609,0.026,28687,Generated from learned patterns,1.5714285714285714,2607.909090909091,10.26419933745711,3.3166247903554,low
Generated_0486,generated,gastroenterology,RR,5,2010,4,59.75,0.1548,18.02,1.317,0.378,275,Generated from learned patterns,1.25,55.0,5.616771097666572,2.23606797749979,substantial
Generated_0487,generated,neurology,COR,10,2010,7,58.82,1.2136,28.82,0.233,0.375,970,Generated from learned patterns,1.4285714285714286,97.0,6.877296071497429,3.1622776601683795,substantial
Generated_0488,generated,infectious_disease,MD,27,2013,7,84.47,0.8594,169.29,2.505,0.09,6695,Generated from learned patterns,3.857142857142857,247.96296296296296,8.809116258125274,5.196152422706632,high
Generated_0489,generated,endocrinology,OR,12,2010,9,9.74,0.039,15.32,0.611,0.029,20588,Generated from learned patterns,1.3333333333333333,1715.6666666666667,9.932463660772646,3.4641016151377544,low
Generated_0490,generated,infectious_disease,OR,14,2009,3,79.81,0.2632,74.23,0.492,0.053,8148,Generated from learned patterns,4.666666666666667,582.0,9.005527777346696,3.7416573867739413,high
Generated_0491,generated,neurology,RR,19,2017,9,40.32,0.1093,39.6,1.807,0.058,8734,Generated from learned patterns,2.111111111111111,459.6842105263158,9.074978734045507,4.358898943540674,moderate
Generated_0492,generated,cardiology,MD,13,2002,11,55.38,1.7228,34.36,2.509,0.177,1483,Generated from learned patterns,1.1818181818181819,114.07692307692308,7.301822342137932,3.605551275463989,substantial
Generated_0493,generated,psychiatry,MD,12,2012,29,63.5,1.1321,28.09,2.478,0.048,43342,Generated from learned patterns,0.41379310344827586,3611.8333333333335,10.676877420772277,3.4641016151377544,substantial
Generated_0494,generated,oncology,COR,6,2004,3,72.5,1.017,19.75,-0.038,0.139,1639,Generated from learned patterns,2.0,273.1666666666667,7.40184157874383,2.449489742783178,substantial
Generated_0495,generated,psychiatry,MD,20,2000,6,58.78,0.5798,46.2,2.495,0.585,100,Generated from learned patterns,3.3333333333333335,5.0,4.605170185988092,4.47213595499958,substantial
Generated_0496,generated,infectious_disease,HR,18,2009,7,75.99,0.3849,83.47,0.445,0.064,13538,Generated from learned patterns,2.5714285714285716,752.1111111111111,9.513255825068553,4.242640687119285,high
Generated_0497,generated,gastroenterology,SMD,16,2008,19,37.88,0.2176,12.1,0.151,0.804,100,Generated from learned patterns,0.8421052631578947,6.25,4.605170185988092,4.0,moderate
Generated_0498,generated,cardiology,OR,19,2018,13,36.61,0.1213,28.42,0.758,0.099,4851,Generated from learned patterns,1.4615384615384615,255.31578947368422,8.486940148245216,4.358898943540674,moderate
Generated_0499,generated,infectious_disease,HR,7,2009,11,54.89,0.1812,16.63,0.784,0.075,10718,Generated from learned patterns,0.6363636363636364,1531.142857142857,9.279679850054796,2.6457513110645907,substantial
Generated_0500,generated,gastroenterology,SMD,12,2012,5,69.94,0.1449,42.12,0.284,0.906,100,Generated from learned patterns,2.4,8.333333333333334,4.605170185988092,3.4641016151377544,substantial
